_time,sensor_id,shipment_id,breach_magnitude,location_tag,temperature_c,battery_pct,humidity_pct,is_breach,rate_of_change,rolling_mean,rolling_std,location,product_type,health_score
2026-04-12 00:51:41.768538+00:00,SENSOR-001,SHIP-99,,,4.04,99.95,49.74,False,0.0,0.0,0.0,,,
2026-04-12 00:51:46.769450+00:00,SENSOR-001,SHIP-99,,,4.05,99.9,49.4,False,0.009999999999999787,0.0,0.0,,,
2026-04-12 00:51:51.770771+00:00,SENSOR-001,SHIP-99,,,4.08,99.85,49.41,False,0.03000000000000025,0.0,0.0,,,
2026-04-12 00:51:56.771904+00:00,SENSOR-001,SHIP-99,,,4.07,99.8,49.36,False,-0.009999999999999787,0.0,0.0,,,
2026-04-12 00:52:01.772871+00:00,SENSOR-001,SHIP-99,,,4.11,99.75,49.83,False,0.040000000000000036,0.0,0.0,,,
2026-04-12 00:52:06.773863+00:00,SENSOR-001,SHIP-99,,,4.12,99.7,49.96,False,0.009999999999999787,0.0,0.0,,,
2026-04-12 00:52:11.775235+00:00,SENSOR-001,SHIP-99,,,4.15,99.65,50.29,False,0.03000000000000025,0.0,0.0,,,
2026-04-12 00:52:16.776698+00:00,SENSOR-001,SHIP-99,,,4.1,99.6,50.46,False,-0.05000000000000071,0.0,0.0,,,
2026-04-12 00:52:21.778052+00:00,SENSOR-001,SHIP-99,,,4.06,99.55,50.87,False,-0.040000000000000036,0.0,0.0,,,
2026-04-12 00:52:26.778925+00:00,SENSOR-001,SHIP-99,,,4.06,99.5,51.34,False,0.0,0.0,0.0,,,
2026-04-12 00:52:31.779782+00:00,SENSOR-001,SHIP-99,,,4.01,99.45,51.72,False,-0.04999999999999982,0.0,0.0,,,
2026-04-12 00:52:36.780641+00:00,SENSOR-001,SHIP-99,,,3.99,99.4,51.4,False,-0.019999999999999574,4.07,0.04572645941803387,,,
2026-04-12 00:52:41.781626+00:00,SENSOR-001,SHIP-99,,,3.98,99.35,51.69,False,-0.010000000000000231,4.0649999999999995,0.052136185305235234,,,
2026-04-12 00:52:46.783015+00:00,SENSOR-001,SHIP-99,,,3.95,99.3,51.88,False,-0.029999999999999805,4.056666666666667,0.06184045944397914,,,
2026-04-12 00:52:51.784193+00:00,SENSOR-001,SHIP-99,,,3.97,99.25,52.0,False,0.020000000000000018,4.0475,0.06607502622707837,,,
2026-04-14 00:51:58.337221+00:00,SENSOR-001,SHIP-99,,,16.14,98.2,50.59,True,-0.04,9.74,3.0,Truck-101,,
2026-04-14 00:52:03.338244+00:00,SENSOR-001,SHIP-99,,,16.15,98.15,50.3,True,0.01,10.38,3.48,Truck-101,,
2026-04-14 00:53:23.351695+00:00,SENSOR-001,SHIP-99,,,16.23,97.35,51.37,True,0.02,16.23,0.02,Truck-101,,
2026-04-14 00:53:28.352545+00:00,SENSOR-001,SHIP-99,,,16.2,97.3,51.87,True,-0.03,16.23,0.02,Truck-101,,
2026-04-14 00:53:33.353483+00:00,SENSOR-001,SHIP-99,,,16.21,97.25,52.05,True,0.01,16.23,0.02,Truck-101,,
2026-04-14 00:53:38.354401+00:00,SENSOR-001,SHIP-99,,,16.25,97.2,51.66,True,0.04,16.23,0.02,Truck-101,,
2026-04-14 00:53:43.355393+00:00,SENSOR-001,SHIP-99,,,16.21,97.15,51.83,True,-0.04,16.22,0.01,Truck-101,,
2026-04-14 00:53:48.356652+00:00,SENSOR-001,SHIP-99,,,16.17,97.1,51.61,True,-0.04,16.22,0.02,Truck-101,,
2026-04-14 00:53:53.357822+00:00,SENSOR-001,SHIP-99,,,16.18,97.05,51.61,True,0.01,16.21,0.02,Truck-101,,
2026-04-14 00:53:58.358891+00:00,SENSOR-001,SHIP-99,,,16.16,97.0,51.44,True,-0.02,16.21,0.03,Truck-101,,
2026-04-14 00:54:03.359754+00:00,SENSOR-001,SHIP-99,,,16.2,96.95,51.41,True,0.04,16.21,0.03,Truck-101,,
2026-04-14 00:54:08.361270+00:00,SENSOR-001,SHIP-99,,,16.16,96.9,51.67,True,-0.04,16.2,0.03,Truck-101,,
2026-04-14 00:54:13.362236+00:00,SENSOR-001,SHIP-99,,,16.12,96.85,51.25,True,-0.04,16.19,0.04,Truck-101,,
2026-04-14 00:54:18.362913+00:00,SENSOR-001,SHIP-99,,,16.11,96.8,51.65,True,-0.01,16.18,0.04,Truck-101,,
2026-04-14 00:54:23.372004+00:00,SENSOR-001,SHIP-99,,,16.14,96.75,52.12,True,0.03,16.18,0.04,Truck-101,,
2026-04-14 00:54:28.376369+00:00,SENSOR-001,SHIP-99,,,16.17,96.7,51.69,True,0.03,16.17,0.04,Truck-101,,
2026-04-14 00:54:33.377030+00:00,SENSOR-001,SHIP-99,,,16.12,96.65,51.63,True,-0.05,16.17,0.04,Truck-101,,
2026-04-14 00:54:38.377876+00:00,SENSOR-001,SHIP-99,,,16.07,96.6,51.99,True,-0.05,16.15,0.04,Truck-101,,
2026-04-14 00:54:43.378651+00:00,SENSOR-001,SHIP-99,,,16.03,96.55,51.78,True,-0.04,16.14,0.05,Truck-101,,
2026-04-14 00:54:48.389619+00:00,SENSOR-001,SHIP-99,,,16.06,96.5,51.68,True,0.03,16.13,0.05,Truck-101,,
2026-04-14 00:54:53.390825+00:00,SENSOR-001,SHIP-99,,,16.04,96.45,51.56,True,-0.02,16.11,0.05,Truck-101,,
2026-04-14 00:54:58.391992+00:00,SENSOR-001,SHIP-99,,,19.8,96.4,51.1,True,3.76,16.42,1.07,Truck-101,,
2026-04-14 00:55:03.393132+00:00,SENSOR-001,SHIP-99,,,19.79,96.35,51.19,True,-0.01,16.72,1.44,Truck-101,,
2026-04-14 00:55:08.394035+00:00,SENSOR-001,SHIP-99,,,19.79,96.3,51.06,True,0.0,17.02,1.67,Truck-101,,
2026-04-14 00:55:13.395338+00:00,SENSOR-001,SHIP-99,,,19.79,96.25,51.54,True,0.0,17.33,1.82,Truck-101,,
2026-04-14 00:55:18.396516+00:00,SENSOR-001,SHIP-99,,,19.82,96.2,51.3,True,0.03,17.63,1.91,Truck-101,,
2026-04-14 00:55:23.397716+00:00,SENSOR-001,SHIP-99,,,19.82,96.15,51.16,True,0.0,17.94,1.94,Truck-101,,
2026-04-14 00:55:28.398641+00:00,SENSOR-001,SHIP-99,,,19.86,96.1,50.79,True,0.04,18.25,1.93,Truck-101,,
2026-04-14 00:55:33.399447+00:00,SENSOR-001,SHIP-99,,,19.83,96.05,51.11,True,-0.03,18.56,1.85,Truck-101,,
2026-04-14 00:55:38.831787+00:00,SENSOR-001,SHIP-99,,,19.86,96.0,50.66,True,0.03,18.87,1.71,Truck-101,,
2026-04-14 00:55:43.833015+00:00,SENSOR-001,SHIP-99,,,19.85,95.95,50.22,True,-0.01,19.19,1.47,Truck-101,,
2026-04-14 00:55:48.834281+00:00,SENSOR-001,SHIP-99,,,19.88,95.9,50.03,True,0.03,19.51,1.09,Truck-101,,
2026-04-14 00:55:53.835187+00:00,SENSOR-001,SHIP-99,,,19.84,95.85,50.17,True,-0.04,19.83,0.03,Truck-101,,
2026-04-14 00:55:58.836469+00:00,SENSOR-001,SHIP-99,,,19.8,95.8,49.85,True,-0.04,19.83,0.03,Truck-101,,
2026-04-14 00:56:03.838819+00:00,SENSOR-001,SHIP-99,,,24.53,95.75,50.02,True,4.73,20.22,1.36,Truck-101,,
2026-04-14 00:56:08.839861+00:00,SENSOR-001,SHIP-99,,,24.51,95.7,50.28,True,-0.02,20.62,1.82,Truck-101,,
2026-04-14 00:56:13.841499+00:00,SENSOR-001,SHIP-99,,,24.5,95.65,49.93,True,-0.01,21.01,2.11,Truck-101,,
2026-04-14 00:56:18.842428+00:00,SENSOR-001,SHIP-99,,,24.54,95.6,50.02,True,0.04,21.4,2.3,Truck-101,,
2026-04-14 00:56:23.844028+00:00,SENSOR-001,SHIP-99,,,24.54,95.55,49.73,True,0.0,21.79,2.41,Truck-101,,
2026-04-14 00:56:28.845171+00:00,SENSOR-001,SHIP-99,,,24.52,95.5,49.32,True,-0.02,22.18,2.44,Truck-101,,
2026-04-14 00:56:33.846299+00:00,SENSOR-001,SHIP-99,,,24.56,95.45,49.52,True,0.04,22.58,2.41,Truck-101,,
2026-04-14 00:56:38.847144+00:00,SENSOR-001,SHIP-99,,,24.52,95.4,49.08,True,-0.04,22.97,2.31,Truck-101,,
2026-04-14 00:56:43.848042+00:00,SENSOR-001,SHIP-99,,,24.52,95.35,49.13,True,0.0,23.36,2.12,Truck-101,,
2026-04-14 00:56:48.849034+00:00,SENSOR-001,SHIP-99,,,24.54,95.3,49.06,True,0.02,23.74,1.83,Truck-101,,
2026-04-14 00:56:53.850645+00:00,SENSOR-001,SHIP-99,,,24.55,95.25,49.3,True,0.01,24.14,1.37,Truck-101,,
2026-04-14 00:56:58.852179+00:00,SENSOR-001,SHIP-99,,,24.59,95.2,48.95,True,0.04,24.54,0.02,Truck-101,,
2026-04-14 00:57:03.873357+00:00,SENSOR-001,SHIP-99,,,24.58,95.15,49.08,True,-0.01,24.54,0.03,Truck-101,,
2026-04-14 00:57:08.874587+00:00,SENSOR-001,SHIP-99,,,24.61,95.1,49.22,True,0.03,24.55,0.03,Truck-101,,
2026-04-14 00:57:13.875359+00:00,SENSOR-001,SHIP-99,,,24.59,95.05,49.16,True,-0.02,24.55,0.03,Truck-101,,
2026-04-14 00:57:18.876462+00:00,SENSOR-001,SHIP-99,,,24.57,95.0,49.32,True,-0.02,24.56,0.03,Truck-101,,
2026-04-14 00:57:23.877480+00:00,SENSOR-001,SHIP-99,,,24.61,94.95,49.34,True,0.04,24.56,0.03,Truck-101,,
2026-04-14 00:57:28.878963+00:00,SENSOR-001,SHIP-99,,,24.58,94.9,49.59,True,-0.03,24.57,0.03,Truck-101,,
2026-04-14 00:57:33.880364+00:00,SENSOR-001,SHIP-99,,,24.6,94.85,49.22,True,0.02,24.57,0.03,Truck-101,,
2026-04-14 00:57:38.883548+00:00,SENSOR-001,SHIP-99,,,29.85,94.8,49.65,True,5.25,25.02,1.52,Truck-101,,
2026-04-14 00:57:43.884700+00:00,SENSOR-001,SHIP-99,,,29.89,94.75,49.28,True,0.04,25.46,2.06,Truck-101,,
2026-04-14 00:57:48.885497+00:00,SENSOR-001,SHIP-99,,,29.85,94.7,49.23,True,-0.04,25.91,2.39,Truck-101,,
2026-04-14 00:57:53.885991+00:00,SENSOR-001,SHIP-99,,,29.87,94.65,49.53,True,0.02,26.35,2.6,Truck-101,,
2026-04-14 00:57:58.887049+00:00,SENSOR-001,SHIP-99,,,29.85,94.6,49.72,True,-0.02,26.79,2.71,Truck-101,,
2026-04-14 00:58:03.888096+00:00,SENSOR-001,SHIP-99,,,29.9,94.55,49.96,True,0.05,27.23,2.75,Truck-101,,
2026-04-14 00:58:08.888900+00:00,SENSOR-001,SHIP-99,,,29.88,94.5,50.01,True,-0.02,27.67,2.72,Truck-101,,
2026-04-14 00:58:13.890184+00:00,SENSOR-001,SHIP-99,,,29.91,94.45,49.73,True,0.03,28.11,2.6,Truck-101,,
2026-04-14 00:58:18.891313+00:00,SENSOR-001,SHIP-99,,,29.94,94.4,49.76,True,0.03,28.56,2.39,Truck-101,,
2026-04-14 00:58:23.892321+00:00,SENSOR-001,SHIP-99,,,29.91,94.35,50.07,True,-0.03,29.0,2.06,Truck-101,,
2026-04-14 00:58:28.893443+00:00,SENSOR-001,SHIP-99,,,29.89,94.3,49.94,True,-0.02,29.45,1.53,Truck-101,,
2026-04-14 00:58:33.893999+00:00,SENSOR-001,SHIP-99,,,29.85,94.25,49.96,True,-0.04,29.88,0.03,Truck-101,,
2026-04-14 00:58:38.904304+00:00,SENSOR-001,SHIP-99,,,29.83,94.2,49.68,True,-0.02,29.88,0.03,Truck-101,,
2026-04-14 00:58:43.905166+00:00,SENSOR-001,SHIP-99,,,29.85,94.15,49.21,True,0.02,29.88,0.03,Truck-101,,
2026-04-14 00:58:48.906024+00:00,SENSOR-001,SHIP-99,,,29.87,94.1,48.94,True,0.02,29.88,0.03,Truck-101,,
2026-04-14 00:58:53.906903+00:00,SENSOR-001,SHIP-99,,,29.85,94.05,48.89,True,-0.02,29.88,0.03,Truck-101,,
2026-04-14 00:58:58.907801+00:00,SENSOR-001,SHIP-99,,,29.88,94.0,48.62,True,0.03,29.88,0.03,Truck-101,,
2026-04-14 00:59:03.908788+00:00,SENSOR-001,SHIP-99,,,29.88,93.95,48.16,True,0.0,29.88,0.03,Truck-101,,
2026-04-14 00:59:18.923551+00:00,SENSOR-001,SHIP-99,,,29.91,93.8,47.92,True,0.0,0.0,0.0,Truck-101,,
2026-04-14 00:59:23.925591+00:00,SENSOR-001,SHIP-99,,,29.94,93.75,48.3,True,0.03,0.0,0.0,Truck-101,,
2026-04-14 00:59:28.927110+00:00,SENSOR-001,SHIP-99,,,29.97,93.7,48.51,True,0.03,0.0,0.0,Truck-101,,
2026-04-14 00:59:33.927655+00:00,SENSOR-001,SHIP-99,,,29.94,93.65,48.22,True,-0.03,0.0,0.0,Truck-101,,
2026-04-14 00:59:38.928331+00:00,SENSOR-001,SHIP-99,,,29.89,93.6,48.06,True,-0.05,0.0,0.0,Truck-101,,
2026-04-14 00:59:43.929046+00:00,SENSOR-001,SHIP-99,,,29.88,93.55,48.28,True,-0.01,0.0,0.0,Truck-101,,
2026-04-14 00:59:48.930258+00:00,SENSOR-001,SHIP-99,,,29.9,93.5,48.66,True,0.02,0.0,0.0,Truck-101,,
2026-04-14 00:59:53.932027+00:00,SENSOR-001,SHIP-99,,,35.68,93.45,48.89,True,5.78,0.0,0.0,Truck-101,,
2026-04-14 00:59:58.933168+00:00,SENSOR-001,SHIP-99,,,35.71,93.4,49.24,True,0.03,0.0,0.0,Truck-101,,
2026-04-14 01:00:03.933775+00:00,SENSOR-001,SHIP-99,,,35.72,93.35,49.02,True,0.01,0.0,0.0,Truck-101,,
2026-04-14 01:00:08.934580+00:00,SENSOR-001,SHIP-99,,,35.72,93.3,49.49,True,0.0,0.0,0.0,Truck-101,,
2026-04-14 01:00:13.935096+00:00,SENSOR-001,SHIP-99,,,35.7,93.25,49.07,True,-0.02,32.33,2.98,Truck-101,,
2026-04-14 01:00:18.935719+00:00,SENSOR-001,SHIP-99,,,35.71,93.2,49.03,True,0.01,32.81,3.02,Truck-101,,
2026-04-14 01:00:23.936524+00:00,SENSOR-001,SHIP-99,,,35.75,93.15,48.64,True,0.04,33.3,2.99,Truck-101,,
2026-04-14 01:00:28.937526+00:00,SENSOR-001,SHIP-99,,,35.77,93.1,48.28,True,0.02,33.78,2.86,Truck-101,,
2026-04-14 01:00:33.938817+00:00,SENSOR-001,SHIP-99,,,35.74,93.05,48.61,True,-0.03,34.26,2.64,Truck-101,,
2026-04-14 01:00:38.939472+00:00,SENSOR-001,SHIP-99,,,35.72,93.0,49.05,True,-0.02,34.75,2.27,Truck-101,,
2026-04-14 01:00:43.939967+00:00,SENSOR-001,SHIP-99,,,35.7,92.95,49.5,True,-0.02,35.23,1.68,Truck-101,,
2026-04-14 01:00:48.940499+00:00,SENSOR-001,SHIP-99,,,35.73,92.9,49.1,True,0.03,35.72,0.02,Truck-101,,
2026-04-14 01:00:53.941363+00:00,SENSOR-001,SHIP-99,,,35.74,92.85,48.63,True,0.01,35.73,0.02,Truck-101,,
2026-04-14 01:00:58.941988+00:00,SENSOR-001,SHIP-99,,,35.76,92.8,48.19,True,0.02,35.73,0.02,Truck-101,,
2026-04-14 01:01:03.942945+00:00,SENSOR-001,SHIP-99,,,35.79,92.75,48.03,True,0.03,35.74,0.03,Truck-101,,
2026-04-14 01:01:08.943453+00:00,SENSOR-001,SHIP-99,,,35.82,92.7,48.52,True,0.03,35.74,0.04,Truck-101,,
2026-04-14 01:01:13.944103+00:00,SENSOR-001,SHIP-99,,,35.8,92.65,48.18,True,-0.02,35.75,0.04,Truck-101,,
2026-04-14 01:01:18.944733+00:00,SENSOR-001,SHIP-99,,,35.84,92.6,48.36,True,0.04,35.76,0.04,Truck-101,,
2026-04-14 01:01:23.945631+00:00,SENSOR-001,SHIP-99,,,35.87,92.55,48.01,True,0.03,35.77,0.05,Truck-101,,
2026-04-14 01:01:28.946594+00:00,SENSOR-001,SHIP-99,,,35.91,92.5,48.15,True,0.04,35.78,0.07,Truck-101,,
2026-04-14 01:01:33.963871+00:00,SENSOR-001,SHIP-99,,,40.02,92.45,48.04,True,4.11,36.14,1.22,Truck-101,,
2026-04-14 01:01:38.965882+00:00,SENSOR-001,SHIP-99,,,39.99,92.4,48.41,True,-0.03,36.5,1.64,Truck-101,,
2026-04-14 01:01:43.966810+00:00,SENSOR-001,SHIP-99,,,44.93,92.35,48.75,True,4.94,37.27,2.91,Truck-101,,
2026-04-14 01:01:48.973555+00:00,SENSOR-001,SHIP-99,,,44.96,92.3,48.72,True,0.03,38.04,3.6,Truck-101,,
2026-04-14 01:01:53.974356+00:00,SENSOR-001,SHIP-99,,,44.97,92.25,48.33,True,0.01,38.81,4.03,Truck-101,,
2026-04-14 01:01:58.974690+00:00,SENSOR-001,SHIP-99,,,45.01,92.2,47.99,True,0.04,39.58,4.27,Truck-101,,
2026-04-14 01:02:03.975454+00:00,SENSOR-001,SHIP-99,,,45.0,92.15,48.07,True,-0.01,40.34,4.35,Truck-101,,
2026-04-14 01:02:08.976440+00:00,SENSOR-001,SHIP-99,,,44.95,92.1,47.98,True,-0.05,41.1,4.29,Truck-101,,
2026-04-14 01:02:13.977368+00:00,SENSOR-001,SHIP-99,,,44.9,92.05,47.54,True,-0.05,41.86,4.06,Truck-101,,
2026-04-14 01:02:18.977992+00:00,SENSOR-001,SHIP-99,,,44.92,92.0,47.7,True,0.02,42.62,3.67,Truck-101,,
2026-04-14 01:02:23.978750+00:00,SENSOR-001,SHIP-99,,,44.87,91.95,47.43,True,-0.05,43.37,3.02,Truck-101,,
2026-04-14 01:02:28.979335+00:00,SENSOR-001,SHIP-99,,,44.88,91.9,47.7,True,0.01,44.12,1.92,Truck-101,,
2026-04-14 01:02:33.979874+00:00,SENSOR-001,SHIP-99,,,44.91,91.85,48.08,True,0.03,44.52,1.43,Truck-101,,
2026-04-14 01:02:38.980871+00:00,SENSOR-001,SHIP-99,,,44.93,91.8,48.12,True,0.02,44.94,0.04,Truck-101,,
2026-04-14 01:02:43.981695+00:00,SENSOR-001,SHIP-99,,,44.89,91.75,48.42,True,-0.04,44.93,0.05,Truck-101,,
2026-04-14 01:02:48.982122+00:00,SENSOR-001,SHIP-99,,,44.91,91.7,48.83,True,0.02,44.93,0.05,Truck-101,,
2026-04-14 01:02:53.984000+00:00,SENSOR-001,SHIP-99,,,44.88,91.65,49.15,True,-0.03,44.92,0.05,Truck-101,,
2026-04-14 01:02:58.984766+00:00,SENSOR-001,SHIP-99,,,44.91,91.6,49.56,True,0.03,44.91,0.04,Truck-101,,
2026-04-14 01:03:03.985575+00:00,SENSOR-001,SHIP-99,,,44.88,91.55,49.96,True,-0.03,44.9,0.02,Truck-101,,
2026-04-14 01:03:08.986401+00:00,SENSOR-001,SHIP-99,,,44.88,91.5,50.01,True,0.0,44.9,0.02,Truck-101,,
2026-04-14 01:03:13.987199+00:00,SENSOR-001,SHIP-99,,,44.87,91.45,49.54,True,-0.01,44.89,0.02,Truck-101,,
2026-04-14 01:03:18.987889+00:00,SENSOR-001,SHIP-99,,,44.9,91.4,49.32,True,0.03,44.89,0.02,Truck-101,,
2026-04-14 01:03:23.988749+00:00,SENSOR-001,SHIP-99,,,44.93,91.35,48.97,True,0.03,44.9,0.02,Truck-101,,
2026-04-14 01:03:28.989456+00:00,SENSOR-001,SHIP-99,,,44.91,91.3,49.12,True,-0.02,44.9,0.02,Truck-101,,
2026-04-14 01:03:33.989804+00:00,SENSOR-001,SHIP-99,,,44.92,91.25,49.59,True,0.01,44.9,0.02,Truck-101,,
2026-04-14 01:03:38.990504+00:00,SENSOR-001,SHIP-99,,,44.93,91.2,49.14,True,0.01,44.9,0.02,Truck-101,,
2026-04-14 01:03:43.991696+00:00,SENSOR-001,SHIP-99,,,44.94,91.15,49.36,True,0.01,44.9,0.02,Truck-101,,
2026-04-14 01:03:48.992985+00:00,SENSOR-001,SHIP-99,,,44.91,91.1,49.24,True,-0.03,44.91,0.02,Truck-101,,
2026-04-14 01:03:53.993990+00:00,SENSOR-001,SHIP-99,,,44.87,91.05,49.74,True,-0.04,44.9,0.02,Truck-101,,
2026-04-14 01:03:58.994612+00:00,SENSOR-001,SHIP-99,,,44.83,91.0,49.58,True,-0.04,44.9,0.03,Truck-101,,
2026-04-14 01:04:03.995040+00:00,SENSOR-001,SHIP-99,,,44.83,90.95,49.51,True,0.0,44.89,0.04,Truck-101,,
2026-04-14 01:04:08.996948+00:00,SENSOR-001,SHIP-99,,,44.83,90.9,49.85,True,0.0,44.89,0.04,Truck-101,,
2026-04-14 01:04:13.998542+00:00,SENSOR-001,SHIP-99,,,44.83,90.85,49.38,True,0.0,44.89,0.04,Truck-101,,
2026-04-14 01:04:18.999230+00:00,SENSOR-001,SHIP-99,,,44.86,90.8,48.93,True,0.03,44.88,0.05,Truck-101,,
2026-04-14 01:04:24.000126+00:00,SENSOR-001,SHIP-99,,,44.82,90.75,48.85,True,-0.04,44.87,0.05,Truck-101,,
2026-04-14 01:04:29.002848+00:00,SENSOR-001,SHIP-99,,,44.81,90.7,48.69,True,-0.01,44.86,0.05,Truck-101,,
2026-04-14 01:04:34.003618+00:00,SENSOR-001,SHIP-99,,,44.83,90.65,48.62,True,0.02,44.86,0.05,Truck-101,,
2026-04-14 01:04:39.004282+00:00,SENSOR-001,SHIP-99,,,44.79,90.6,48.62,True,-0.04,44.85,0.04,Truck-101,,
2026-04-14 01:04:44.004774+00:00,SENSOR-001,SHIP-99,,,44.77,90.55,48.69,True,-0.02,44.83,0.04,Truck-101,,
2026-04-14 01:04:49.005342+00:00,SENSOR-001,SHIP-99,,,44.78,90.5,48.86,True,0.01,44.82,0.03,Truck-101,,
2026-04-14 01:04:54.006095+00:00,SENSOR-001,SHIP-99,,,44.81,90.45,48.36,True,0.03,44.82,0.03,Truck-101,,
2026-04-14 01:04:59.006974+00:00,SENSOR-001,SHIP-99,,,44.85,90.4,48.65,True,0.04,44.82,0.03,Truck-101,,
2026-04-14 01:05:04.007425+00:00,SENSOR-001,SHIP-99,,,44.88,90.35,49.01,True,0.03,44.82,0.03,Truck-101,,
2026-04-14 01:05:09.007946+00:00,SENSOR-001,SHIP-99,,,44.92,90.3,49.13,True,0.04,44.83,0.04,Truck-101,,
2026-04-14 01:05:14.008478+00:00,SENSOR-001,SHIP-99,,,44.97,90.25,49.28,True,0.05,44.84,0.06,Truck-101,,
2026-04-14 01:05:19.010203+00:00,SENSOR-001,SHIP-99,,,44.92,90.2,49.43,True,-0.05,44.85,0.06,Truck-101,,
2026-04-14 01:05:24.011373+00:00,SENSOR-001,SHIP-99,,,44.93,90.15,49.8,True,0.01,44.85,0.07,Truck-101,,
2026-04-14 01:05:29.012044+00:00,SENSOR-001,SHIP-99,,,44.95,90.1,49.38,True,0.02,44.87,0.07,Truck-101,,
2026-04-14 01:05:34.013630+00:00,SENSOR-001,SHIP-99,,,44.99,90.05,49.31,True,0.04,44.88,0.08,Truck-101,,
2026-04-14 01:05:39.013978+00:00,SENSOR-001,SHIP-99,,,44.99,90.0,49.04,True,0.0,44.9,0.08,Truck-101,,
2026-04-14 01:05:44.014321+00:00,SENSOR-001,SHIP-99,,,44.94,89.95,49.51,True,-0.05,44.91,0.07,Truck-101,,
2026-04-14 01:05:49.015474+00:00,SENSOR-001,SHIP-99,,,44.9,89.9,49.13,True,-0.04,44.92,0.05,Truck-101,,
2026-04-14 01:05:54.016059+00:00,SENSOR-001,SHIP-99,,,44.88,89.85,48.75,True,-0.02,44.93,0.04,Truck-101,,
2026-04-18 05:45:45.141560+00:00,SENSOR-001,SHIP-99,,,89.49,89.0,47.34,False,0.0,0.0,0.0,Truck-101,,
2026-04-18 05:45:50.132696+00:00,SENSOR-001,SHIP-99,,,89.52,88.95,47.21,False,0.03,0.0,0.0,Truck-101,,
2026-04-18 05:45:55.135480+00:00,SENSOR-001,SHIP-99,,,89.55,88.9,46.8,True,0.03,0.0,0.0,Truck-101,,
2026-04-18 05:46:00.143619+00:00,SENSOR-001,SHIP-99,,,89.52,88.85,46.88,True,-0.03,0.0,0.0,Truck-101,,
2026-04-18 05:46:05.137585+00:00,SENSOR-001,SHIP-99,,,89.53,88.8,46.44,True,0.01,0.0,0.0,Truck-101,,
2026-04-18 05:46:10.138882+00:00,SENSOR-001,SHIP-99,,,92.94,88.75,46.76,True,3.41,0.0,0.0,Truck-101,,
2026-04-18 05:46:15.144601+00:00,SENSOR-001,SHIP-99,,,92.91,88.7,46.3,True,-0.03,0.0,0.0,Truck-101,,
2026-04-18 05:46:20.160430+00:00,SENSOR-001,SHIP-99,,,92.89,88.65,46.42,True,-0.02,0.0,0.0,Truck-101,,
2026-04-18 05:46:25.143188+00:00,SENSOR-001,SHIP-99,,,92.94,88.6,46.4,True,0.05,0.0,0.0,Truck-101,,
2026-04-18 05:46:30.155695+00:00,SENSOR-001,SHIP-99,,,92.97,88.55,46.56,True,0.03,0.0,0.0,Truck-101,,
2026-04-18 05:46:35.155547+00:00,SENSOR-001,SHIP-99,,,92.92,88.5,46.98,True,-0.05,0.0,0.0,Truck-101,,
2026-04-18 05:46:40.159450+00:00,SENSOR-001,SHIP-99,,,92.93,88.45,46.69,True,0.01,91.51,1.75,Truck-101,,
2026-04-18 05:46:45.169253+00:00,SENSOR-001,SHIP-99,,,92.93,88.4,46.77,True,0.0,91.8,1.67,Truck-101,,
2026-04-18 05:46:50.167760+00:00,SENSOR-001,SHIP-99,,,92.91,88.35,46.42,True,-0.02,92.08,1.53,Truck-101,,
2026-04-18 05:46:55.166618+00:00,SENSOR-001,SHIP-99,,,92.95,88.3,46.17,True,0.04,92.36,1.33,Truck-101,,
2026-04-18 05:47:00.163318+00:00,SENSOR-001,SHIP-99,,,92.92,88.25,46.09,True,-0.03,92.64,0.98,Truck-101,,
2026-04-18 05:47:05.178726+00:00,SENSOR-001,SHIP-99,,,92.94,88.2,45.84,True,0.02,92.93,0.02,Truck-101,,
2026-04-18 05:47:10.170028+00:00,SENSOR-001,SHIP-99,,,92.91,88.15,45.56,True,-0.03,92.93,0.02,Truck-101,,
2026-04-18 05:47:15.166687+00:00,SENSOR-001,SHIP-99,,,92.89,88.1,45.2,True,-0.02,92.92,0.02,Truck-101,,
2026-04-18 05:47:20.171068+00:00,SENSOR-001,SHIP-99,,,92.87,88.05,44.97,True,-0.02,92.92,0.03,Truck-101,,
2026-04-18 05:47:25.171506+00:00,SENSOR-001,SHIP-99,,,92.87,88.0,44.57,True,0.0,92.92,0.03,Truck-101,,
2026-04-18 05:47:30.168124+00:00,SENSOR-001,SHIP-99,,,92.9,87.95,44.58,True,0.03,92.91,0.03,Truck-101,,
2026-04-18 05:47:35.177300+00:00,SENSOR-001,SHIP-99,,,99.32,87.9,44.49,True,6.42,93.45,1.85,Truck-101,,
2026-04-18 05:47:40.174869+00:00,SENSOR-001,SHIP-99,,,99.27,87.85,44.52,True,-0.05,93.97,2.49,Truck-101,,
2026-04-18 05:47:45.171264+00:00,SENSOR-001,SHIP-99,,,99.26,87.8,44.06,True,-0.01,94.5,2.88,Truck-101,,
2026-04-18 05:47:50.170861+00:00,SENSOR-001,SHIP-99,,,106.81,87.75,44.29,True,7.55,95.66,4.52,Truck-101,,
2026-04-18 05:47:55.187542+00:00,SENSOR-001,SHIP-99,,,106.8,87.7,43.89,True,-0.01,96.81,5.44,Truck-101,,
2026-04-18 05:48:00.188275+00:00,SENSOR-001,SHIP-99,,,106.8,87.65,44.33,True,0.0,97.97,5.98,Truck-101,,
2026-04-18 05:48:05.189211+00:00,SENSOR-001,SHIP-99,,,113.67,87.6,43.9,True,6.87,99.7,7.26,Truck-101,,
2026-04-18 05:48:10.187807+00:00,SENSOR-001,SHIP-99,,,113.67,87.55,43.58,True,0.0,101.43,7.93,Truck-101,,
2026-04-18 05:48:15.347601+00:00,SENSOR-001,SHIP-99,,,113.67,87.5,43.79,True,0.0,103.16,8.16,Truck-101,,
2026-04-18 05:48:20.343451+00:00,SENSOR-001,SHIP-99,,,120.57,87.45,43.96,True,6.9,105.47,8.88,Truck-101,,
2026-04-18 05:48:25.336827+00:00,SENSOR-001,SHIP-99,,,120.57,87.4,43.92,True,0.0,107.78,8.9,Truck-101,,
2026-04-18 05:48:30.338601+00:00,SENSOR-001,SHIP-99,,,120.61,87.35,43.55,True,0.04,110.08,8.27,Truck-101,,
2026-04-18 05:48:35.345422+00:00,SENSOR-001,SHIP-99,,,125.71,87.3,43.32,True,5.1,112.28,8.64,Truck-101,,
2026-04-18 05:48:40.342993+00:00,SENSOR-001,SHIP-99,,,125.67,87.25,43.63,True,-0.04,114.48,8.39,Truck-101,,
2026-04-18 05:48:45.389872+00:00,SENSOR-001,SHIP-99,,,125.65,87.2,43.52,True,-0.02,116.68,7.44,Truck-101,,
2026-04-18 05:48:50.353634+00:00,SENSOR-001,SHIP-99,,,125.65,87.15,43.14,True,0.0,118.25,7.15,Truck-101,,
2026-04-18 05:48:55.350331+00:00,SENSOR-001,SHIP-99,,,125.66,87.1,42.8,True,0.01,119.83,6.44,Truck-101,,
2026-04-18 05:49:00.356967+00:00,SENSOR-001,SHIP-99,,,125.66,87.05,43.01,True,0.0,121.4,5.14,Truck-101,,
2026-04-18 05:49:05.354777+00:00,SENSOR-001,SHIP-99,,,125.62,87.0,42.99,True,-0.04,122.39,4.64,Truck-101,,
2026-04-18 05:49:10.364435+00:00,SENSOR-001,SHIP-99,,,125.6,86.95,42.82,True,-0.02,123.39,3.8,Truck-101,,
2026-04-18 05:49:15.355965+00:00,SENSOR-001,SHIP-99,,,125.56,86.9,42.66,True,-0.04,124.38,2.29,Truck-101,,
2026-04-18 05:49:20.362854+00:00,SENSOR-001,SHIP-99,,,125.55,86.85,42.4,True,-0.01,124.79,1.96,Truck-101,,
2026-04-18 05:49:25.361960+00:00,SENSOR-001,SHIP-99,,,125.53,86.8,42.17,True,-0.02,125.21,1.45,Truck-101,,
2026-04-18 05:49:30.376055+00:00,SENSOR-001,SHIP-99,,,125.51,86.75,42.14,True,-0.02,125.61,0.06,Truck-101,,
2026-04-18 05:49:35.374534+00:00,SENSOR-001,SHIP-99,,,125.47,86.7,41.84,True,-0.04,125.59,0.07,Truck-101,,
2026-04-18 05:49:40.364669+00:00,SENSOR-001,SHIP-99,,,125.45,86.65,42.29,True,-0.02,125.58,0.08,Truck-101,,
2026-04-18 05:49:45.369275+00:00,SENSOR-001,SHIP-99,,,125.44,86.6,41.88,True,-0.01,125.56,0.08,Truck-101,,
2026-04-18 05:49:50.403268+00:00,SENSOR-001,SHIP-99,,,125.48,86.55,41.52,True,0.04,125.54,0.08,Truck-101,,
2026-04-18 05:49:55.374732+00:00,SENSOR-001,SHIP-99,,,125.51,86.5,42.0,True,0.03,125.53,0.07,Truck-101,,
2026-04-18 05:50:00.382505+00:00,SENSOR-001,SHIP-99,,,125.52,86.45,42.02,True,0.01,125.52,0.06,Truck-101,,
2026-04-18 05:50:05.379207+00:00,SENSOR-001,SHIP-99,,,125.49,86.4,41.69,True,-0.03,125.51,0.05,Truck-101,,
2026-04-18 05:50:10.390722+00:00,SENSOR-001,SHIP-99,,,125.45,86.35,41.27,True,-0.04,125.5,0.04,Truck-101,,
2026-04-18 05:50:15.378694+00:00,SENSOR-001,SHIP-99,,,125.4,86.3,41.54,True,-0.05,125.48,0.04,Truck-101,,
2026-04-18 05:50:20.387056+00:00,SENSOR-001,SHIP-99,,,125.39,86.25,41.98,True,-0.01,125.47,0.05,Truck-101,,
2026-04-18 05:50:25.392820+00:00,SENSOR-001,SHIP-99,,,125.38,86.2,41.78,True,-0.01,125.46,0.05,Truck-101,,
2026-04-18 05:50:30.377593+00:00,SENSOR-001,SHIP-99,,,125.42,86.15,41.4,True,0.04,125.45,0.05,Truck-101,,
2026-04-18 05:50:35.381533+00:00,SENSOR-001,SHIP-99,,,125.47,86.1,41.84,True,0.05,125.45,0.05,Truck-101,,
2026-04-18 05:50:40.389224+00:00,SENSOR-001,SHIP-99,,,125.46,86.05,41.5,True,-0.01,125.45,0.05,Truck-101,,
2026-04-18 05:50:45.380343+00:00,SENSOR-001,SHIP-99,,,125.45,86.0,41.06,True,-0.01,125.45,0.05,Truck-101,,
2026-04-18 05:50:50.388670+00:00,SENSOR-001,SHIP-99,,,125.44,85.95,41.37,True,-0.01,125.45,0.05,Truck-101,,
2026-04-18 05:50:55.388913+00:00,SENSOR-001,SHIP-99,,,125.45,85.9,41.78,True,0.01,125.44,0.04,Truck-101,,
2026-04-18 05:51:00.386145+00:00,SENSOR-001,SHIP-99,,,125.42,85.85,41.73,True,-0.03,125.44,0.03,Truck-101,,
2026-04-18 05:51:05.396213+00:00,SENSOR-001,SHIP-99,,,125.39,85.8,41.37,True,-0.03,125.43,0.03,Truck-101,,
2026-04-18 05:51:10.390300+00:00,SENSOR-001,SHIP-99,,,125.38,85.75,41.65,True,-0.01,125.42,0.03,Truck-101,,
2026-04-18 05:51:15.391730+00:00,SENSOR-001,SHIP-99,,,132.34,85.7,41.46,True,6.96,126.0,2.0,Truck-101,,
2026-04-18 05:51:20.388179+00:00,SENSOR-001,SHIP-99,,,132.31,85.65,41.82,True,-0.03,126.58,2.69,Truck-101,,
2026-04-18 05:51:25.407253+00:00,SENSOR-001,SHIP-99,,,132.32,85.6,42.3,True,0.01,127.15,3.12,Truck-101,,
2026-04-18 05:51:30.389140+00:00,SENSOR-001,SHIP-99,,,132.35,85.55,42.58,True,0.03,127.73,3.4,Truck-101,,
2026-04-18 05:51:35.390848+00:00,SENSOR-001,SHIP-99,,,132.38,85.5,42.13,True,0.03,128.31,3.56,Truck-101,,
2026-04-18 05:51:40.403449+00:00,SENSOR-001,SHIP-99,,,132.41,85.45,42.46,True,0.03,128.89,3.62,Truck-101,,
2026-04-18 05:51:45.422378+00:00,SENSOR-001,SHIP-99,,,132.39,85.4,42.42,True,-0.02,129.47,3.57,Truck-101,,
2026-04-18 05:51:50.414950+00:00,SENSOR-001,SHIP-99,,,132.35,85.35,42.44,True,-0.04,130.04,3.42,Truck-101,,
2026-04-18 05:51:55.405583+00:00,SENSOR-001,SHIP-99,,,132.31,85.3,41.98,True,-0.04,130.61,3.15,Truck-101,,
2026-04-18 05:52:00.416007+00:00,SENSOR-001,SHIP-99,,,132.29,85.25,41.54,True,-0.02,131.18,2.71,Truck-101,,
2026-04-18 05:52:05.415343+00:00,SENSOR-001,SHIP-99,,,132.32,85.2,41.12,True,0.03,131.76,2.01,Truck-101,,
2026-04-18 05:52:10.418638+00:00,SENSOR-001,SHIP-99,,,132.28,85.15,41.24,True,-0.04,132.34,0.04,Truck-101,,
2026-04-18 05:52:15.422912+00:00,SENSOR-001,SHIP-99,,,132.29,85.1,40.86,True,0.01,132.33,0.04,Truck-101,,
2026-04-18 05:52:20.420172+00:00,SENSOR-001,SHIP-99,,,132.25,85.05,41.08,True,-0.04,132.33,0.05,Truck-101,,
2026-04-18 05:52:25.418876+00:00,SENSOR-001,SHIP-99,,,132.26,85.0,40.99,True,0.01,132.32,0.05,Truck-101,,
2026-04-18 05:52:30.414683+00:00,SENSOR-001,SHIP-99,,,132.29,84.95,41.21,True,0.03,132.32,0.05,Truck-101,,
2026-04-18 05:52:35.424517+00:00,SENSOR-001,SHIP-99,,,132.29,84.9,41.59,True,0.0,132.31,0.05,Truck-101,,
2026-04-18 05:52:40.417373+00:00,SENSOR-001,SHIP-99,,,132.33,84.85,41.81,True,0.04,132.3,0.04,Truck-101,,
2026-04-18 05:52:45.425989+00:00,SENSOR-001,SHIP-99,,,132.3,84.8,41.91,True,-0.03,132.3,0.03,Truck-101,,
2026-04-18 05:52:50.437908+00:00,SENSOR-001,SHIP-99,,,132.27,84.75,42.35,True,-0.03,132.29,0.02,Truck-101,,
2026-04-18 05:52:55.436807+00:00,SENSOR-001,SHIP-99,,,132.29,84.7,42.85,True,0.02,132.29,0.02,Truck-101,,
2026-04-18 05:53:00.447776+00:00,SENSOR-001,SHIP-99,,,132.3,84.65,42.56,True,0.01,132.29,0.02,Truck-101,,
2026-04-18 05:53:05.450643+00:00,SENSOR-001,SHIP-99,,,132.32,84.6,42.57,True,0.02,132.29,0.02,Truck-101,,
2026-04-18 05:53:10.437108+00:00,SENSOR-001,SHIP-99,,,135.78,84.55,43.06,True,3.46,132.58,1.01,Truck-101,,
2026-04-18 05:53:15.446475+00:00,SENSOR-001,SHIP-99,,,142.22,84.5,43.54,True,6.44,133.41,2.95,Truck-101,,
2026-04-18 05:53:20.447535+00:00,SENSOR-001,SHIP-99,,,142.18,84.45,43.92,True,-0.04,134.24,3.85,Truck-101,,
2026-04-18 05:53:25.444759+00:00,SENSOR-001,SHIP-99,,,142.22,84.4,43.91,True,0.04,135.07,4.42,Truck-101,,
2026-04-18 05:53:30.449613+00:00,SENSOR-001,SHIP-99,,,150.09,84.35,44.0,True,7.87,136.55,6.08,Truck-101,,
2026-04-18 05:53:35.450103+00:00,SENSOR-001,SHIP-99,,,150.06,84.3,44.17,True,-0.03,138.03,7.04,Truck-101,,
2026-04-18 05:53:40.445463+00:00,SENSOR-001,SHIP-99,,,150.11,84.25,43.69,True,0.05,139.51,7.58,Truck-101,,
2026-04-18 05:53:45.449687+00:00,SENSOR-001,SHIP-99,,,150.15,84.2,43.5,True,0.04,141.0,7.78,Truck-101,,
2026-04-18 05:53:50.451592+00:00,SENSOR-001,SHIP-99,,,150.14,84.15,43.28,True,-0.01,142.49,7.67,Truck-101,,
2026-04-18 05:53:55.482097+00:00,SENSOR-001,SHIP-99,,,150.16,84.1,42.78,True,0.02,143.98,7.23,Truck-101,,
2026-04-18 05:54:00.463961+00:00,SENSOR-001,SHIP-99,,,150.19,84.05,42.39,True,0.03,145.47,6.4,Truck-101,,
2026-04-18 05:54:05.454341+00:00,SENSOR-001,SHIP-99,,,150.17,84.0,42.12,True,-0.02,146.96,4.99,Truck-101,,
2026-04-18 05:54:10.453323+00:00,SENSOR-001,SHIP-99,,,150.13,83.95,41.79,True,-0.04,148.15,3.59,Truck-101,,
2026-04-18 05:54:15.455462+00:00,SENSOR-001,SHIP-99,,,150.18,83.9,41.91,True,0.05,148.81,3.09,Truck-101,,
2026-04-18 05:54:20.457643+00:00,SENSOR-001,SHIP-99,,,150.15,83.85,42.13,True,-0.03,149.48,2.29,Truck-101,,
2026-04-18 05:54:25.448791+00:00,SENSOR-001,SHIP-99,,,150.15,83.8,42.49,True,0.0,150.14,0.04,Truck-101,,
2026-04-18 05:54:30.447703+00:00,SENSOR-001,SHIP-99,,,150.18,83.75,42.39,True,0.03,150.15,0.04,Truck-101,,
2026-04-18 05:54:35.449361+00:00,SENSOR-001,SHIP-99,,,155.88,83.7,42.29,True,5.7,150.63,1.65,Truck-101,,
2026-04-18 05:54:40.459563+00:00,SENSOR-001,SHIP-99,,,155.88,83.65,41.94,True,0.0,151.11,2.23,Truck-101,,
2026-04-18 05:54:45.459943+00:00,SENSOR-001,SHIP-99,,,155.91,83.6,41.91,True,0.03,151.59,2.59,Truck-101,,
2026-04-18 05:54:50.490066+00:00,SENSOR-001,SHIP-99,,,155.91,83.55,42.06,True,0.0,152.07,2.82,Truck-101,,
2026-04-18 05:54:55.487392+00:00,SENSOR-001,SHIP-99,,,155.91,83.5,42.37,True,0.0,152.55,2.95,Truck-101,,
2026-04-18 05:55:00.492894+00:00,SENSOR-001,SHIP-99,,,155.95,83.45,42.55,True,0.04,153.03,3.0,Truck-101,,
2026-04-18 05:55:05.488860+00:00,SENSOR-001,SHIP-99,,,155.93,83.4,42.05,True,-0.02,153.51,2.96,Truck-101,,
2026-04-18 05:55:10.486924+00:00,SENSOR-001,SHIP-99,,,155.91,83.35,42.3,True,-0.02,154.0,2.83,Truck-101,,
2026-04-18 05:55:15.491802+00:00,SENSOR-001,SHIP-99,,,155.88,83.3,42.53,True,-0.03,154.47,2.6,Truck-101,,
2026-04-18 05:55:20.492310+00:00,SENSOR-001,SHIP-99,,,155.85,83.25,42.94,True,-0.03,154.95,2.23,Truck-101,,
2026-04-18 05:55:25.491732+00:00,SENSOR-001,SHIP-99,,,155.86,83.2,42.79,True,0.01,155.42,1.65,Truck-101,,
2026-04-18 05:55:30.528510+00:00,SENSOR-001,SHIP-99,,,155.86,83.15,42.95,True,0.0,155.89,0.03,Truck-101,,
2026-04-18 05:55:35.524855+00:00,SENSOR-001,SHIP-99,,,155.83,83.1,43.43,True,-0.03,155.89,0.04,Truck-101,,
2026-04-18 05:55:40.525326+00:00,SENSOR-001,SHIP-99,,,155.81,83.05,43.26,True,-0.02,155.88,0.04,Truck-101,,
2026-04-18 05:55:45.525037+00:00,SENSOR-001,SHIP-99,,,155.79,83.0,43.75,True,-0.02,155.87,0.05,Truck-101,,
2026-04-18 05:55:50.533623+00:00,SENSOR-001,SHIP-99,,,155.82,82.95,44.07,True,0.03,155.87,0.05,Truck-101,,
2026-04-18 05:55:55.530851+00:00,SENSOR-001,SHIP-99,,,155.8,82.9,43.79,True,-0.02,155.86,0.05,Truck-101,,
2026-04-18 05:56:00.533054+00:00,SENSOR-001,SHIP-99,,,155.75,82.85,43.93,True,-0.05,155.84,0.05,Truck-101,,
2026-04-18 05:56:05.534807+00:00,SENSOR-001,SHIP-99,,,155.75,82.8,44.14,True,0.0,155.83,0.05,Truck-101,,
2026-04-18 05:56:10.536527+00:00,SENSOR-001,SHIP-99,,,155.75,82.75,43.67,True,0.0,155.81,0.05,Truck-101,,
2026-04-18 05:56:15.539198+00:00,SENSOR-001,SHIP-99,,,155.77,82.7,43.76,True,0.02,155.8,0.04,Truck-101,,
2026-04-18 05:56:20.532986+00:00,SENSOR-001,SHIP-99,,,155.77,82.65,43.92,True,0.0,155.8,0.04,Truck-101,,
2026-04-18 05:56:25.574850+00:00,SENSOR-001,SHIP-99,,,155.75,82.6,44.21,True,-0.02,155.79,0.04,Truck-101,,
2026-04-18 05:56:30.556517+00:00,SENSOR-001,SHIP-99,,,155.79,82.55,44.55,True,0.04,155.78,0.03,Truck-101,,
2026-04-18 05:56:35.554329+00:00,SENSOR-001,SHIP-99,,,155.75,82.5,44.35,True,-0.04,155.78,0.03,Truck-101,,
2026-04-18 05:56:40.569064+00:00,SENSOR-001,SHIP-99,,,155.72,82.45,44.3,True,-0.03,155.77,0.03,Truck-101,,
2026-04-18 05:56:45.558549+00:00,SENSOR-001,SHIP-99,,,155.7,82.4,43.91,True,-0.02,155.76,0.03,Truck-101,,
2026-04-18 05:56:50.556973+00:00,SENSOR-001,SHIP-99,,,155.68,82.35,44.36,True,-0.02,155.75,0.03,Truck-101,,
2026-04-18 05:56:55.567055+00:00,SENSOR-001,SHIP-99,,,155.67,82.3,44.47,True,-0.01,155.74,0.04,Truck-101,,
2026-04-18 05:57:00.569858+00:00,SENSOR-001,SHIP-99,,,155.66,82.25,44.68,True,-0.01,155.73,0.04,Truck-101,,
2026-04-18 05:57:05.569373+00:00,SENSOR-001,SHIP-99,,,155.64,82.2,45.09,True,-0.02,155.72,0.05,Truck-101,,
2026-04-18 05:57:10.569920+00:00,SENSOR-001,SHIP-99,,,155.67,82.15,44.79,True,0.03,155.71,0.05,Truck-101,,
2026-04-18 05:57:15.566634+00:00,SENSOR-001,SHIP-99,,,155.66,82.1,44.75,True,-0.01,155.71,0.05,Truck-101,,
2026-04-18 05:57:20.567372+00:00,SENSOR-001,SHIP-99,,,155.61,82.05,45.2,True,-0.05,155.69,0.05,Truck-101,,
2026-04-18 05:57:25.618648+00:00,SENSOR-001,SHIP-99,,,155.59,82.0,45.37,True,-0.02,155.68,0.06,Truck-101,,
2026-04-18 05:57:30.567930+00:00,SENSOR-001,SHIP-99,,,155.62,81.95,45.73,True,0.03,155.66,0.05,Truck-101,,
2026-04-18 05:57:35.570480+00:00,SENSOR-001,SHIP-99,,,155.58,81.9,46.13,True,-0.04,155.65,0.04,Truck-101,,
2026-04-18 05:57:40.566792+00:00,SENSOR-001,SHIP-99,,,155.57,81.85,45.9,True,-0.01,155.64,0.04,Truck-101,,
2026-04-18 05:57:45.571315+00:00,SENSOR-001,SHIP-99,,,155.62,81.8,45.76,True,0.05,155.63,0.04,Truck-101,,
2026-04-18 05:57:50.583786+00:00,SENSOR-001,SHIP-99,,,155.61,81.75,46.12,True,-0.01,155.62,0.04,Truck-101,,
2026-04-18 05:57:55.592380+00:00,SENSOR-001,SHIP-99,,,155.57,81.7,46.44,True,-0.04,155.62,0.04,Truck-101,,
2026-04-18 05:58:00.586868+00:00,SENSOR-001,SHIP-99,,,155.58,81.65,46.9,True,0.01,155.61,0.03,Truck-101,,
2026-04-18 05:58:05.578314+00:00,SENSOR-001,SHIP-99,,,155.55,81.6,46.99,True,-0.03,155.6,0.04,Truck-101,,
2026-04-18 05:58:10.579865+00:00,SENSOR-001,SHIP-99,,,155.54,81.55,46.84,True,-0.01,155.59,0.03,Truck-101,,
2026-04-18 05:58:15.581791+00:00,SENSOR-001,SHIP-99,,,155.52,81.5,46.41,True,-0.02,155.58,0.03,Truck-101,,
2026-04-18 05:58:20.601399+00:00,SENSOR-001,SHIP-99,,,155.47,81.45,46.53,True,-0.05,155.57,0.04,Truck-101,,
2026-04-18 05:58:25.587161+00:00,SENSOR-001,SHIP-99,,,155.47,81.4,46.54,True,0.0,155.56,0.05,Truck-101,,
2026-04-18 05:58:30.589967+00:00,SENSOR-001,SHIP-99,,,161.85,81.35,46.67,True,6.38,156.08,1.82,Truck-101,,
2026-04-18 05:58:35.588429+00:00,SENSOR-001,SHIP-99,,,161.83,81.3,46.46,True,-0.02,156.6,2.45,Truck-101,,
2026-04-18 05:58:40.596493+00:00,SENSOR-001,SHIP-99,,,161.79,81.25,46.05,True,-0.04,157.12,2.84,Truck-101,,
2026-04-18 05:58:45.590351+00:00,SENSOR-001,SHIP-99,,,161.79,81.2,45.84,True,0.0,157.63,3.09,Truck-101,,
2026-04-18 05:58:50.591747+00:00,SENSOR-001,SHIP-99,,,161.76,81.15,45.58,True,-0.03,158.14,3.23,Truck-101,,
2026-04-18 05:58:55.589433+00:00,SENSOR-001,SHIP-99,,,161.77,81.1,45.78,True,0.01,158.66,3.28,Truck-101,,
2026-04-18 05:59:00.597531+00:00,SENSOR-001,SHIP-99,,,161.75,81.05,45.69,True,-0.02,159.17,3.23,Truck-101,,
2026-04-18 05:59:05.594606+00:00,SENSOR-001,SHIP-99,,,161.71,81.0,45.69,True,-0.04,159.69,3.09,Truck-101,,
2026-04-18 05:59:10.590415+00:00,SENSOR-001,SHIP-99,,,168.88,80.95,45.99,True,7.17,160.8,3.79,Truck-101,,
2026-04-18 05:59:15.604222+00:00,SENSOR-001,SHIP-99,,,168.92,80.9,46.29,True,0.04,161.92,4.05,Truck-101,,
2026-04-18 05:59:20.595215+00:00,SENSOR-001,SHIP-99,,,168.92,80.85,46.45,True,0.0,163.04,3.97,Truck-101,,
2026-04-18 05:59:25.617163+00:00,SENSOR-001,SHIP-99,,,168.87,80.8,46.28,True,-0.05,164.15,3.5,Truck-101,,
2026-04-18 05:59:30.598909+00:00,SENSOR-001,SHIP-99,,,168.92,80.75,46.49,True,0.05,164.74,3.67,Truck-101,,
2026-04-18 05:59:35.620339+00:00,SENSOR-001,SHIP-99,,,168.97,80.7,45.99,True,0.05,165.34,3.73,Truck-101,,
2026-04-18 05:59:40.617044+00:00,SENSOR-001,SHIP-99,,,168.96,80.65,45.85,True,-0.01,165.94,3.69,Truck-101,,
2026-04-18 05:59:45.601583+00:00,SENSOR-001,SHIP-99,,,168.93,80.6,45.71,True,-0.03,166.53,3.53,Truck-101,,
2026-04-18 05:59:50.616401+00:00,SENSOR-001,SHIP-99,,,168.94,80.55,45.74,True,0.01,167.13,3.25,Truck-101,,
2026-04-18 05:59:55.603225+00:00,SENSOR-001,SHIP-99,,,168.91,80.5,45.77,True,-0.03,167.72,2.8,Truck-101,,
2026-04-18 06:00:00.600183+00:00,SENSOR-001,SHIP-99,,,168.93,80.45,45.56,True,0.02,168.32,2.08,Truck-101,,
2026-04-18 06:00:05.610949+00:00,SENSOR-001,SHIP-99,,,168.96,80.4,45.14,True,0.03,168.93,0.03,Truck-101,,
2026-04-18 06:00:10.616359+00:00,SENSOR-001,SHIP-99,,,168.96,80.35,45.55,True,0.0,168.93,0.03,Truck-101,,
2026-04-18 06:00:15.625776+00:00,SENSOR-001,SHIP-99,,,168.97,80.3,45.93,True,0.01,168.94,0.03,Truck-101,,
2026-04-18 06:00:20.606190+00:00,SENSOR-001,SHIP-99,,,168.96,80.25,45.78,True,-0.01,168.94,0.03,Truck-101,,
2026-04-18 06:00:25.617802+00:00,SENSOR-001,SHIP-99,,,169.0,80.2,45.87,True,0.04,168.95,0.03,Truck-101,,
2026-04-18 06:00:30.615229+00:00,SENSOR-001,SHIP-99,,,169.04,80.15,45.95,True,0.04,168.96,0.03,Truck-101,,
2026-04-18 06:00:35.615940+00:00,SENSOR-001,SHIP-99,,,169.07,80.1,45.74,True,0.03,168.97,0.05,Truck-101,,
2026-04-18 06:00:40.616002+00:00,SENSOR-001,SHIP-99,,,169.06,80.05,45.54,True,-0.01,168.98,0.05,Truck-101,,
2026-04-18 06:00:45.614124+00:00,SENSOR-001,SHIP-99,,,169.02,80.0,45.44,True,-0.04,168.98,0.05,Truck-101,,
2026-04-18 06:00:50.616581+00:00,SENSOR-001,SHIP-99,,,169.07,79.95,45.57,True,0.05,169.0,0.06,Truck-101,,
2026-04-18 06:00:55.619849+00:00,SENSOR-001,SHIP-99,,,169.04,79.9,45.67,True,-0.03,169.01,0.05,Truck-101,,
2026-04-18 06:01:00.623130+00:00,SENSOR-001,SHIP-99,,,169.03,79.85,45.88,True,-0.01,169.01,0.04,Truck-101,,
2026-04-18 06:01:05.624936+00:00,SENSOR-001,SHIP-99,,,168.99,79.8,45.41,True,-0.04,169.02,0.04,Truck-101,,
2026-04-18 06:01:10.625791+00:00,SENSOR-001,SHIP-99,,,169.02,79.75,45.33,True,0.03,169.02,0.04,Truck-101,,
2026-04-18 06:19:28.342869+00:00,SENSOR-001,SHIP-99,,,4.04,99.95,50.39,False,0.0,0.0,0.0,Truck-101,,
2026-04-18 06:19:33.352638+00:00,SENSOR-001,SHIP-99,,,4.04,99.9,49.95,False,0.0,0.0,0.0,Truck-101,,
2026-04-18 06:19:38.341195+00:00,SENSOR-001,SHIP-99,,,4.05,99.85,49.75,False,0.01,0.0,0.0,Truck-101,,
2026-04-18 06:19:43.324286+00:00,SENSOR-001,SHIP-99,,,4.04,99.8,49.78,False,-0.01,0.0,0.0,Truck-101,,
2026-04-18 06:19:48.327108+00:00,SENSOR-001,SHIP-99,,,4.08,99.75,50.2,False,0.04,0.0,0.0,Truck-101,,
2026-04-18 06:19:53.341898+00:00,SENSOR-001,SHIP-99,,,4.09,99.7,49.96,False,0.01,0.0,0.0,Truck-101,,
2026-04-18 06:19:58.344455+00:00,SENSOR-001,SHIP-99,,,4.04,99.65,49.8,False,-0.05,0.0,0.0,Truck-101,,
2026-04-18 06:20:03.335853+00:00,SENSOR-001,SHIP-99,,,4.09,99.6,49.69,False,0.05,0.0,0.0,Truck-101,,
2026-04-18 06:20:08.354298+00:00,SENSOR-001,SHIP-99,,,4.09,99.55,49.95,False,0.0,0.0,0.0,Truck-101,,
2026-04-18 06:20:13.344089+00:00,SENSOR-001,SHIP-99,,,4.07,99.5,49.55,False,-0.02,0.0,0.0,Truck-101,,
2026-04-18 06:20:18.360262+00:00,SENSOR-001,SHIP-99,,,4.02,99.45,49.33,False,-0.05,0.0,0.0,Truck-101,,
2026-04-18 06:20:23.350933+00:00,SENSOR-001,SHIP-99,,,4.07,99.4,48.85,False,0.05,4.06,0.02,Truck-101,,
2026-04-18 06:20:28.346860+00:00,SENSOR-001,SHIP-99,,,4.08,99.35,48.87,False,0.01,4.06,0.02,Truck-101,,
2026-04-18 06:20:33.349946+00:00,SENSOR-001,SHIP-99,,,4.04,99.3,48.94,False,-0.04,4.06,0.02,Truck-101,,
2026-04-18 06:20:38.366648+00:00,SENSOR-001,SHIP-99,,,4.0,99.25,48.93,False,-0.04,4.06,0.03,Truck-101,,
2026-04-18 06:20:43.354332+00:00,SENSOR-001,SHIP-99,,,4.01,99.2,49.16,False,0.01,4.06,0.03,Truck-101,,
2026-04-18 06:20:48.352090+00:00,SENSOR-001,SHIP-99,,,4.05,99.15,49.64,False,0.04,4.05,0.03,Truck-101,,
2026-04-18 06:20:53.358421+00:00,SENSOR-001,SHIP-99,,,4.03,99.1,49.4,False,-0.02,4.05,0.03,Truck-101,,
2026-04-18 06:20:58.355378+00:00,SENSOR-001,SHIP-99,,,3.99,99.05,48.9,False,-0.04,4.04,0.04,Truck-101,,
2026-04-18 06:21:03.363541+00:00,SENSOR-001,SHIP-99,,,3.96,99.0,48.54,False,-0.03,4.03,0.04,Truck-101,,
2026-04-18 06:21:08.365361+00:00,SENSOR-001,SHIP-99,,,3.93,98.95,48.19,False,-0.03,4.02,0.05,Truck-101,,
2026-04-18 06:21:13.371055+00:00,SENSOR-001,SHIP-99,,,3.92,98.9,48.54,False,-0.01,4.01,0.05,Truck-101,,
2026-04-18 06:21:18.362662+00:00,SENSOR-001,SHIP-99,,,3.96,98.85,48.88,False,0.04,4.0,0.05,Truck-101,,
2026-04-18 06:21:23.366935+00:00,SENSOR-001,SHIP-99,,,3.96,98.8,48.82,False,0.0,3.99,0.05,Truck-101,,
2026-04-18 06:21:28.362689+00:00,SENSOR-001,SHIP-99,,,4.0,98.75,48.5,False,0.04,3.99,0.04,Truck-101,,
2026-04-18 06:21:33.364508+00:00,SENSOR-001,SHIP-99,,,7.87,98.7,48.23,False,3.87,4.31,1.12,Truck-101,,
2026-04-18 06:21:38.364885+00:00,SENSOR-001,SHIP-99,,,7.86,98.65,48.73,False,-0.01,4.63,1.51,Truck-101,,
2026-04-18 06:21:43.380617+00:00,SENSOR-001,SHIP-99,,,7.85,98.6,48.8,False,-0.01,4.95,1.76,Truck-101,,
2026-04-18 06:21:48.379182+00:00,SENSOR-001,SHIP-99,,,7.83,98.55,49.09,False,-0.02,5.26,1.91,Truck-101,,
2026-04-18 06:21:53.382970+00:00,SENSOR-001,SHIP-99,,,7.8,98.5,49.3,False,-0.03,5.58,2.0,Truck-101,,
2026-04-18 06:21:58.380100+00:00,SENSOR-001,SHIP-99,,,7.78,98.45,49.55,False,-0.02,5.89,2.02,Truck-101,,
2026-04-18 06:22:03.385259+00:00,SENSOR-001,SHIP-99,,,7.83,98.4,49.34,False,0.05,6.22,2.0,Truck-101,,
2026-04-18 06:22:08.379993+00:00,SENSOR-001,SHIP-99,,,7.83,98.35,49.78,False,0.0,6.54,1.91,Truck-101,,
2026-04-18 06:22:13.379648+00:00,SENSOR-001,SHIP-99,,,7.84,98.3,49.51,False,0.01,6.87,1.75,Truck-101,,
2026-04-18 06:22:18.395587+00:00,SENSOR-001,SHIP-99,,,7.84,98.25,49.38,False,0.0,7.19,1.5,Truck-101,,
2026-04-18 06:22:23.378293+00:00,SENSOR-001,SHIP-99,,,12.24,98.2,48.95,False,4.4,7.88,1.76,Truck-101,,
2026-04-18 06:22:28.392037+00:00,SENSOR-001,SHIP-99,,,12.25,98.15,48.75,False,0.01,8.57,1.72,Truck-101,,
2026-04-18 06:22:33.395475+00:00,SENSOR-001,SHIP-99,,,12.3,98.1,48.71,True,0.05,8.94,2.01,Truck-101,,
2026-04-18 06:22:38.392446+00:00,SENSOR-001,SHIP-99,,,12.31,98.05,48.85,True,0.01,9.31,2.19,Truck-101,,
2026-04-18 06:22:43.390116+00:00,SENSOR-001,SHIP-99,,,12.35,98.0,48.38,True,0.04,9.68,2.3,Truck-101,,
2026-04-18 06:22:48.392115+00:00,SENSOR-001,SHIP-99,,,12.35,97.95,47.91,True,0.0,10.06,2.34,Truck-101,,
2026-04-18 06:22:53.394173+00:00,SENSOR-001,SHIP-99,,,12.39,97.9,47.42,True,0.04,10.44,2.31,Truck-101,,
2026-04-18 06:22:58.393092+00:00,SENSOR-001,SHIP-99,,,12.38,97.85,47.2,True,-0.01,10.83,2.21,Truck-101,,
2026-04-18 06:23:03.396575+00:00,SENSOR-001,SHIP-99,,,12.34,97.8,47.1,True,-0.04,11.2,2.03,Truck-101,,
2026-04-18 06:23:08.398753+00:00,SENSOR-001,SHIP-99,,,12.3,97.75,46.87,True,-0.04,11.57,1.74,Truck-101,,
2026-04-18 06:23:13.401849+00:00,SENSOR-001,SHIP-99,,,12.27,97.7,46.81,True,-0.03,11.94,1.29,Truck-101,,
2026-04-18 06:23:18.395653+00:00,SENSOR-001,SHIP-99,,,12.31,97.65,46.55,True,0.04,12.32,0.05,Truck-101,,
2026-04-18 06:23:23.409436+00:00,SENSOR-001,SHIP-99,,,12.35,97.6,46.46,True,0.04,12.32,0.04,Truck-101,,
2026-04-18 06:23:28.411457+00:00,SENSOR-001,SHIP-99,,,12.38,97.55,46.67,True,0.03,12.34,0.04,Truck-101,,
2026-04-18 06:23:33.408175+00:00,SENSOR-001,SHIP-99,,,12.34,97.5,46.26,True,-0.04,12.34,0.04,Truck-101,,
2026-04-18 06:23:38.410740+00:00,SENSOR-001,SHIP-99,,,12.38,97.45,46.21,True,0.04,12.34,0.04,Truck-101,,
2026-04-18 06:23:43.410324+00:00,SENSOR-001,SHIP-99,,,12.4,97.4,46.02,True,0.02,12.35,0.04,Truck-101,,
2026-04-18 06:23:48.404170+00:00,SENSOR-001,SHIP-99,,,12.37,97.35,46.28,True,-0.03,12.35,0.04,Truck-101,,
2026-04-18 06:23:53.422334+00:00,SENSOR-001,SHIP-99,,,12.32,97.3,46.09,True,-0.05,12.34,0.04,Truck-101,,
2026-04-18 06:23:58.412770+00:00,SENSOR-001,SHIP-99,,,12.3,97.25,46.07,True,-0.02,12.34,0.04,Truck-101,,
2026-04-18 06:24:03.427442+00:00,SENSOR-001,SHIP-99,,,12.34,97.2,46.48,True,0.04,12.34,0.04,Truck-101,,
2026-04-18 06:24:08.422883+00:00,SENSOR-001,SHIP-99,,,12.35,97.15,46.62,True,0.01,12.34,0.04,Truck-101,,
2026-04-18 06:24:13.415341+00:00,SENSOR-001,SHIP-99,,,12.35,97.1,46.88,True,0.0,12.35,0.03,Truck-101,,
2026-04-18 06:24:18.420448+00:00,SENSOR-001,SHIP-99,,,18.99,97.05,47.07,True,6.64,12.91,1.92,Truck-101,,
2026-04-18 06:24:23.444328+00:00,SENSOR-001,SHIP-99,,,18.95,97.0,47.15,True,-0.04,13.46,2.58,Truck-101,,
2026-04-18 06:24:28.424359+00:00,SENSOR-001,SHIP-99,,,18.95,96.95,47.01,True,0.0,14.0,2.99,Truck-101,,
2026-04-18 06:24:33.434624+00:00,SENSOR-001,SHIP-99,,,18.93,96.9,47.1,True,-0.02,14.55,3.25,Truck-101,,
2026-04-18 06:24:38.477295+00:00,SENSOR-001,SHIP-99,,,18.93,96.85,46.77,True,0.0,15.1,3.4,Truck-101,,
2026-04-18 06:24:43.424868+00:00,SENSOR-001,SHIP-99,,,18.92,96.8,46.85,True,-0.01,15.64,3.45,Truck-101,,
2026-04-18 06:24:48.427337+00:00,SENSOR-001,SHIP-99,,,18.87,96.75,46.69,True,-0.05,16.18,3.4,Truck-101,,
2026-04-18 06:24:53.448414+00:00,SENSOR-001,SHIP-99,,,18.9,96.7,47.19,True,0.03,16.73,3.25,Truck-101,,
2026-04-18 06:24:58.432507+00:00,SENSOR-001,SHIP-99,,,18.95,96.65,46.81,True,0.05,17.29,2.98,Truck-101,,
2026-04-18 06:25:03.437624+00:00,SENSOR-001,SHIP-99,,,18.91,96.6,46.65,True,-0.04,17.83,2.56,Truck-101,,
2026-04-18 06:25:08.438876+00:00,SENSOR-001,SHIP-99,,,18.88,96.55,46.23,True,-0.03,18.38,1.9,Truck-101,,
2026-04-18 06:25:13.438413+00:00,SENSOR-001,SHIP-99,,,18.85,96.5,46.67,True,-0.03,18.92,0.04,Truck-101,,
2026-04-18 06:25:18.453796+00:00,SENSOR-001,SHIP-99,,,18.87,96.45,46.98,True,0.02,18.91,0.04,Truck-101,,
2026-04-18 06:25:23.451718+00:00,SENSOR-001,SHIP-99,,,18.88,96.4,47.25,True,0.01,18.9,0.03,Truck-101,,
2026-04-18 06:25:28.452151+00:00,SENSOR-001,SHIP-99,,,18.91,96.35,47.71,True,0.03,18.9,0.03,Truck-101,,
2026-04-18 06:25:33.453451+00:00,SENSOR-001,SHIP-99,,,18.88,96.3,47.32,True,-0.03,18.9,0.03,Truck-101,,
2026-04-18 06:25:38.453595+00:00,SENSOR-001,SHIP-99,,,18.9,96.25,47.26,True,0.02,18.89,0.03,Truck-101,,
2026-04-18 06:25:43.450997+00:00,SENSOR-001,SHIP-99,,,18.95,96.2,47.62,True,0.05,18.9,0.03,Truck-101,,
2026-04-18 06:25:48.450945+00:00,SENSOR-001,SHIP-99,,,18.96,96.15,47.68,True,0.01,18.9,0.03,Truck-101,,
2026-04-18 06:25:53.460677+00:00,SENSOR-001,SHIP-99,,,18.99,96.1,47.49,True,0.03,18.91,0.04,Truck-101,,
2026-04-18 06:25:58.451211+00:00,SENSOR-001,SHIP-99,,,19.03,96.05,47.09,True,0.04,18.92,0.05,Truck-101,,
2026-04-18 06:26:03.449940+00:00,SENSOR-001,SHIP-99,,,19.04,96.0,47.53,True,0.01,18.93,0.06,Truck-101,,
2026-04-18 06:26:08.468281+00:00,SENSOR-001,SHIP-99,,,19.06,95.95,48.02,True,0.02,18.94,0.07,Truck-101,,
2026-04-18 10:57:28.402302+00:00,SENSOR-001,SHIP-99,,,4.05,99.95,50.43,False,0.0,0.0,0.0,Truck-101,,
2026-04-18 10:57:33.403047+00:00,SENSOR-001,SHIP-99,,,4.04,99.9,50.74,False,-0.01,0.0,0.0,Truck-101,,
2026-04-18 10:57:38.403879+00:00,SENSOR-001,SHIP-99,,,4.08,99.85,50.7,False,0.04,0.0,0.0,Truck-101,,
2026-04-18 10:57:43.404649+00:00,SENSOR-001,SHIP-99,,,4.07,99.8,50.81,False,-0.01,0.0,0.0,Truck-101,,
2026-04-18 10:57:48.406468+00:00,SENSOR-001,SHIP-99,,,4.08,99.75,50.36,False,0.01,0.0,0.0,Truck-101,,
2026-04-18 10:57:53.407219+00:00,SENSOR-001,SHIP-99,,,4.09,99.7,50.59,False,0.01,0.0,0.0,Truck-101,,
2026-04-18 10:57:58.408446+00:00,SENSOR-001,SHIP-99,,,4.09,99.65,50.14,False,0.0,0.0,0.0,Truck-101,,
2026-04-18 10:58:03.409822+00:00,SENSOR-001,SHIP-99,,,4.04,99.6,50.44,False,-0.05,0.0,0.0,Truck-101,,
2026-04-18 10:58:08.412992+00:00,SENSOR-001,SHIP-99,,,4.05,99.55,50.09,False,0.01,0.0,0.0,Truck-101,,
2026-04-18 10:58:13.414874+00:00,SENSOR-001,SHIP-99,,,4.06,99.5,49.74,False,0.01,0.0,0.0,Truck-101,,
2026-04-18 10:58:18.416271+00:00,SENSOR-001,SHIP-99,,,4.1,99.45,49.46,False,0.04,0.0,0.0,Truck-101,,
2026-04-18 10:58:23.417346+00:00,SENSOR-001,SHIP-99,,,4.05,99.4,49.79,False,-0.05,4.07,0.02,Truck-101,,
2026-04-18 10:58:28.418401+00:00,SENSOR-001,SHIP-99,,,4.03,99.35,49.82,False,-0.02,4.07,0.02,Truck-101,,
2026-04-18 10:58:33.419927+00:00,SENSOR-001,SHIP-99,,,11.33,99.3,49.92,False,7.3,4.67,2.1,Truck-101,,
2026-04-18 10:58:38.426069+00:00,SENSOR-001,SHIP-99,,,11.29,99.25,50.09,False,-0.04,5.27,2.82,Truck-101,,
2026-04-18 10:58:43.427823+00:00,SENSOR-001,SHIP-99,,,11.34,99.2,50.27,True,0.05,5.88,3.28,Truck-101,,
2026-04-18 10:58:48.428803+00:00,SENSOR-001,SHIP-99,,,11.37,99.15,49.94,True,0.03,6.49,3.58,Truck-101,,
2026-04-18 10:58:53.430034+00:00,SENSOR-001,SHIP-99,,,11.38,99.1,49.74,True,0.01,7.09,3.75,Truck-101,,
2026-04-18 10:58:58.431178+00:00,SENSOR-001,SHIP-99,,,11.39,99.05,49.93,True,0.01,7.7,3.81,Truck-101,,
2026-04-18 10:59:03.433070+00:00,SENSOR-001,SHIP-99,,,11.43,99.0,50.12,True,0.04,8.32,3.76,Truck-101,,
2026-04-18 10:59:08.434215+00:00,SENSOR-001,SHIP-99,,,11.43,98.95,50.51,True,0.0,8.93,3.6,Truck-101,,
2026-04-18 10:59:13.437207+00:00,SENSOR-001,SHIP-99,,,11.44,98.9,50.11,True,0.01,9.55,3.31,Truck-101,,
2026-04-18 10:59:18.438790+00:00,SENSOR-001,SHIP-99,,,11.43,98.85,49.93,True,-0.01,10.16,2.86,Truck-101,,
2026-04-18 10:59:23.442063+00:00,SENSOR-001,SHIP-99,,,11.46,98.8,49.63,True,0.03,10.78,2.13,Truck-101,,
2026-04-18 10:59:28.445084+00:00,SENSOR-001,SHIP-99,,,11.47,98.75,49.34,True,0.01,11.4,0.06,Truck-101,,
2026-04-18 10:59:33.452161+00:00,SENSOR-001,SHIP-99,,,11.45,98.7,48.84,True,-0.02,11.41,0.05,Truck-101,,
2026-04-18 10:59:38.461196+00:00,SENSOR-001,SHIP-99,,,17.08,98.65,48.37,True,5.63,11.89,1.64,Truck-101,,
2026-04-18 10:59:43.465820+00:00,SENSOR-001,SHIP-99,,,17.13,98.6,48.37,True,0.05,12.37,2.21,Truck-101,,
2026-04-18 10:59:48.469679+00:00,SENSOR-001,SHIP-99,,,17.17,98.55,47.96,True,0.04,12.85,2.58,Truck-101,,
2026-04-18 10:59:53.473562+00:00,SENSOR-001,SHIP-99,,,17.18,98.5,47.66,True,0.01,13.34,2.81,Truck-101,,
2026-04-18 10:59:58.487898+00:00,SENSOR-001,SHIP-99,,,17.18,98.45,47.56,True,0.0,13.82,2.94,Truck-101,,
2026-04-18 11:00:03.491091+00:00,SENSOR-001,SHIP-99,,,17.21,98.4,47.73,True,0.03,14.3,2.98,Truck-101,,
2026-04-18 11:00:08.492978+00:00,SENSOR-001,SHIP-99,,,17.17,98.35,47.8,True,-0.04,14.78,2.94,Truck-101,,
2026-04-18 11:00:13.502811+00:00,SENSOR-001,SHIP-99,,,17.18,98.3,48.22,True,0.01,15.26,2.81,Truck-101,,
2026-04-18 11:00:18.507884+00:00,SENSOR-001,SHIP-99,,,17.17,98.25,48.23,True,-0.01,15.74,2.58,Truck-101,,
2026-04-18 11:00:23.509167+00:00,SENSOR-001,SHIP-99,,,17.12,98.2,48.3,True,-0.05,16.21,2.22,Truck-101,,
2026-04-18 11:00:28.512381+00:00,SENSOR-001,SHIP-99,,,17.1,98.15,48.3,True,-0.02,16.68,1.65,Truck-101,,
2026-04-18 11:00:33.525116+00:00,SENSOR-001,SHIP-99,,,17.12,98.1,48.52,True,0.02,17.15,0.04,Truck-101,,
2026-04-18 11:00:38.537424+00:00,SENSOR-001,SHIP-99,,,17.17,98.05,48.84,True,0.05,17.16,0.03,Truck-101,,
2026-04-18 11:00:43.539295+00:00,SENSOR-001,SHIP-99,,,24.1,98.0,49.25,True,6.93,17.74,2.0,Truck-101,,
2026-04-18 11:00:48.540432+00:00,SENSOR-001,SHIP-99,,,29.56,97.95,49.7,True,5.46,18.77,3.94,Truck-101,,
2026-04-18 11:00:53.549552+00:00,SENSOR-001,SHIP-99,,,29.58,97.9,49.82,True,0.02,19.81,4.97,Truck-101,,
2026-04-18 11:00:58.569177+00:00,SENSOR-001,SHIP-99,,,29.59,97.85,49.79,True,0.01,20.84,5.63,Truck-101,,
2026-04-18 11:01:03.578697+00:00,SENSOR-001,SHIP-99,,,29.6,97.8,49.37,True,0.01,21.87,6.02,Truck-101,,
2026-04-18 11:01:08.580959+00:00,SENSOR-001,SHIP-99,,,29.59,97.75,49.85,True,-0.01,22.91,6.21,Truck-101,,
2026-04-18 11:01:13.583754+00:00,SENSOR-001,SHIP-99,,,35.46,97.7,49.75,True,5.87,24.43,6.88,Truck-101,,
2026-04-18 11:01:18.584393+00:00,SENSOR-001,SHIP-99,,,35.42,97.65,49.42,True,-0.04,25.95,7.14,Truck-101,,
2026-04-18 11:01:23.585378+00:00,SENSOR-001,SHIP-99,,,35.43,97.6,49.8,True,0.01,27.48,7.04,Truck-101,,
2026-04-18 11:01:28.586812+00:00,SENSOR-001,SHIP-99,,,35.47,97.55,49.44,True,0.04,29.01,6.56,Truck-101,,
2026-04-18 11:01:33.589042+00:00,SENSOR-001,SHIP-99,,,35.47,97.5,49.21,True,0.0,30.54,5.6,Truck-101,,
2026-04-18 11:01:38.595396+00:00,SENSOR-001,SHIP-99,,,43.22,97.45,49.53,True,7.75,32.71,4.96,Truck-101,,
2026-04-18 11:01:43.596652+00:00,SENSOR-001,SHIP-99,,,43.23,97.4,49.78,True,0.01,34.3,5.02,Truck-101,,
2026-04-18 11:01:48.597760+00:00,SENSOR-001,SHIP-99,,,43.22,97.35,49.46,True,-0.01,35.44,5.38,Truck-101,,
2026-04-18 11:01:53.598589+00:00,SENSOR-001,SHIP-99,,,43.2,97.3,49.75,True,-0.02,36.58,5.47,Truck-101,,
2026-04-18 11:01:58.599445+00:00,SENSOR-001,SHIP-99,,,43.25,97.25,49.42,True,0.05,37.71,5.3,Truck-101,,
2026-04-18 11:02:03.600145+00:00,SENSOR-001,SHIP-99,,,43.28,97.2,49.33,True,0.03,38.85,4.85,Truck-101,,
2026-04-18 11:02:08.601499+00:00,SENSOR-001,SHIP-99,,,43.31,97.15,49.03,True,0.03,40.0,4.01,Truck-101,,
2026-04-18 11:02:13.602902+00:00,SENSOR-001,SHIP-99,,,43.3,97.1,49.38,True,-0.01,40.65,3.84,Truck-101,,
2026-04-18 11:02:18.603807+00:00,SENSOR-001,SHIP-99,,,43.28,97.05,49.48,True,-0.02,41.3,3.53,Truck-101,,
2026-04-18 11:02:23.605236+00:00,SENSOR-001,SHIP-99,,,43.23,97.0,49.49,True,-0.05,41.96,3.03,Truck-101,,
2026-04-18 11:02:28.606913+00:00,SENSOR-001,SHIP-99,,,43.18,96.95,49.21,True,-0.05,42.6,2.24,Truck-101,,
2026-04-18 11:02:33.608280+00:00,SENSOR-001,SHIP-99,,,43.18,96.9,49.68,True,0.0,43.24,0.04,Truck-101,,
2026-04-18 11:02:38.610744+00:00,SENSOR-001,SHIP-99,,,43.19,96.85,50.16,True,0.01,43.24,0.05,Truck-101,,
2026-04-18 11:02:43.613620+00:00,SENSOR-001,SHIP-99,,,43.23,96.8,49.88,True,0.04,43.24,0.05,Truck-101,,
2026-04-18 11:02:48.615396+00:00,SENSOR-001,SHIP-99,,,43.26,96.75,49.95,True,0.03,43.24,0.05,Truck-101,,
2026-04-18 11:02:53.617298+00:00,SENSOR-001,SHIP-99,,,43.23,96.7,50.34,True,-0.03,43.24,0.04,Truck-101,,
2026-04-18 11:02:58.618751+00:00,SENSOR-001,SHIP-99,,,43.26,96.65,50.06,True,0.03,43.24,0.05,Truck-101,,
2026-04-18 11:03:03.621758+00:00,SENSOR-001,SHIP-99,,,43.29,96.6,49.84,True,0.03,43.24,0.05,Truck-101,,
2026-04-18 11:03:08.623029+00:00,SENSOR-001,SHIP-99,,,43.27,96.55,49.75,True,-0.02,43.24,0.04,Truck-101,,
2026-04-18 11:03:13.625130+00:00,SENSOR-001,SHIP-99,,,43.28,96.5,49.36,True,0.01,43.24,0.04,Truck-101,,
2026-04-18 11:03:18.628366+00:00,SENSOR-001,SHIP-99,,,43.27,96.45,49.54,True,-0.01,43.24,0.04,Truck-101,,
2026-04-18 11:03:23.633921+00:00,SENSOR-001,SHIP-99,,,43.3,96.4,49.79,True,0.03,43.24,0.04,Truck-101,,
2026-04-18 11:03:28.639793+00:00,SENSOR-001,SHIP-99,,,43.26,96.35,49.41,True,-0.04,43.25,0.04,Truck-101,,
2026-04-18 11:03:33.659526+00:00,SENSOR-001,SHIP-99,,,43.25,96.3,49.68,True,-0.01,43.26,0.03,Truck-101,,
2026-04-18 11:03:38.660830+00:00,SENSOR-001,SHIP-99,,,43.25,96.25,50.17,True,0.0,43.26,0.02,Truck-101,,
2026-04-18 11:03:43.662006+00:00,SENSOR-001,SHIP-99,,,43.25,96.2,49.93,True,0.0,43.26,0.02,Truck-101,,
2026-04-18 11:03:48.663093+00:00,SENSOR-001,SHIP-99,,,43.2,96.15,49.62,True,-0.05,43.26,0.03,Truck-101,,
2026-04-18 11:03:53.664011+00:00,SENSOR-001,SHIP-99,,,43.16,96.1,49.21,True,-0.04,43.25,0.04,Truck-101,,
2026-04-18 11:03:58.664920+00:00,SENSOR-001,SHIP-99,,,43.21,96.05,48.79,True,0.05,43.25,0.04,Truck-101,,
2026-04-18 11:04:03.671882+00:00,SENSOR-001,SHIP-99,,,43.25,96.0,48.86,True,0.04,43.25,0.04,Truck-101,,
2026-04-18 11:04:08.674496+00:00,SENSOR-001,SHIP-99,,,43.25,95.95,49.19,True,0.0,43.24,0.04,Truck-101,,
2026-04-18 11:04:13.675371+00:00,SENSOR-001,SHIP-99,,,43.29,95.9,49.65,True,0.04,43.24,0.04,Truck-101,,
2026-04-18 11:04:18.684073+00:00,SENSOR-001,SHIP-99,,,43.3,95.85,49.28,True,0.01,43.25,0.04,Truck-101,,
2026-04-18 11:04:23.694368+00:00,SENSOR-001,SHIP-99,,,43.31,95.8,48.97,True,0.01,43.25,0.04,Truck-101,,
2026-04-18 11:04:28.697601+00:00,SENSOR-001,SHIP-99,,,43.27,95.75,48.71,True,-0.04,43.25,0.04,Truck-101,,
2026-04-18 11:04:33.704636+00:00,SENSOR-001,SHIP-99,,,43.28,95.7,48.53,True,0.01,43.25,0.04,Truck-101,,
2026-04-18 11:04:38.706166+00:00,SENSOR-001,SHIP-99,,,43.23,95.65,48.94,True,-0.05,43.25,0.04,Truck-101,,
2026-04-18 11:04:43.720056+00:00,SENSOR-001,SHIP-99,,,43.2,95.6,48.95,True,-0.03,43.25,0.05,Truck-101,,
2026-04-18 11:04:48.724162+00:00,SENSOR-001,SHIP-99,,,43.19,95.55,49.41,True,-0.01,43.25,0.05,Truck-101,,
2026-04-18 11:04:53.725806+00:00,SENSOR-001,SHIP-99,,,43.21,95.5,49.86,True,0.02,43.25,0.04,Truck-101,,
2026-04-18 11:04:58.743709+00:00,SENSOR-001,SHIP-99,,,43.23,95.45,50.2,True,0.02,43.25,0.04,Truck-101,,
2026-04-18 11:05:03.780523+00:00,SENSOR-001,SHIP-99,,,43.25,95.4,50.18,True,0.02,43.25,0.04,Truck-101,,
2026-04-18 11:05:08.784763+00:00,SENSOR-001,SHIP-99,,,43.25,95.35,50.08,True,0.0,43.25,0.04,Truck-101,,
2026-04-18 11:05:13.786044+00:00,SENSOR-001,SHIP-99,,,48.37,95.3,50.11,True,5.12,43.67,1.48,Truck-101,,
2026-04-18 11:05:18.787176+00:00,SENSOR-001,SHIP-99,,,48.33,95.25,50.42,True,-0.04,44.09,1.99,Truck-101,,
2026-04-18 11:05:23.789284+00:00,SENSOR-001,SHIP-99,,,48.28,95.2,50.9,True,-0.05,44.51,2.3,Truck-101,,
2026-04-18 11:05:28.794295+00:00,SENSOR-001,SHIP-99,,,48.27,95.15,51.31,True,-0.01,44.92,2.5,Truck-101,,
2026-04-18 11:05:33.798110+00:00,SENSOR-001,SHIP-99,,,48.32,95.1,51.39,True,0.05,45.34,2.62,Truck-101,,
2026-04-18 11:05:38.799367+00:00,SENSOR-001,SHIP-99,,,48.31,95.05,51.07,True,-0.01,45.77,2.66,Truck-101,,
2026-04-18 11:05:43.800431+00:00,SENSOR-001,SHIP-99,,,48.35,95.0,51.03,True,0.04,46.2,2.62,Truck-101,,
2026-04-18 11:05:48.802506+00:00,SENSOR-001,SHIP-99,,,48.34,94.95,50.64,True,-0.01,46.63,2.5,Truck-101,,
2026-04-18 11:05:53.804739+00:00,SENSOR-001,SHIP-99,,,48.37,94.9,51.04,True,0.03,47.06,2.3,Truck-101,,
2026-04-18 11:05:58.805477+00:00,SENSOR-001,SHIP-99,,,48.41,94.85,51.51,True,0.04,47.49,1.98,Truck-101,,
2026-04-18 11:06:03.811983+00:00,SENSOR-001,SHIP-99,,,51.47,94.8,51.44,True,3.06,48.17,1.79,Truck-101,,
2026-04-18 11:06:08.816343+00:00,SENSOR-001,SHIP-99,,,51.44,94.75,51.86,True,-0.03,48.85,1.22,Truck-101,,
2026-04-18 11:06:13.853158+00:00,SENSOR-001,SHIP-99,,,51.43,94.7,52.25,True,-0.01,49.11,1.41,Truck-101,,
2026-04-18 11:06:18.853839+00:00,SENSOR-001,SHIP-99,,,51.43,94.65,52.04,True,0.0,49.37,1.53,Truck-101,,
2026-04-18 11:06:23.856197+00:00,SENSOR-001,SHIP-99,,,51.41,94.6,51.99,True,-0.02,49.63,1.6,Truck-101,,
2026-04-18 11:06:28.857193+00:00,SENSOR-001,SHIP-99,,,51.42,94.55,52.12,True,0.01,49.89,1.61,Truck-101,,
2026-04-18 11:06:33.859991+00:00,SENSOR-001,SHIP-99,,,51.39,94.5,52.07,True,-0.03,50.15,1.58,Truck-101,,
2026-04-18 11:06:38.861228+00:00,SENSOR-001,SHIP-99,,,51.41,94.45,51.59,True,0.02,50.41,1.51,Truck-101,,
2026-04-18 11:06:43.863913+00:00,SENSOR-001,SHIP-99,,,57.5,94.4,52.04,True,6.09,51.17,2.41,Truck-101,,
2026-04-18 11:06:48.865021+00:00,SENSOR-001,SHIP-99,,,57.55,94.35,51.92,True,0.05,51.94,2.86,Truck-101,,
2026-04-18 11:06:53.866321+00:00,SENSOR-001,SHIP-99,,,57.57,94.3,51.84,True,0.02,52.7,3.04,Truck-101,,
2026-04-18 11:06:58.880143+00:00,SENSOR-001,SHIP-99,,,63.41,94.25,52.15,True,5.84,53.95,4.04,Truck-101,,
2026-04-18 11:07:03.883491+00:00,SENSOR-001,SHIP-99,,,63.46,94.2,51.86,True,0.05,54.95,4.78,Truck-101,,
2026-04-18 11:07:08.885275+00:00,SENSOR-001,SHIP-99,,,63.41,94.15,52.16,True,-0.05,55.95,5.21,Truck-101,,
2026-04-18 11:07:13.888169+00:00,SENSOR-001,SHIP-99,,,63.38,94.1,52.02,True,-0.03,56.95,5.41,Truck-101,,
2026-04-18 11:07:18.893266+00:00,SENSOR-001,SHIP-99,,,70.52,94.05,52.08,True,7.14,58.54,6.36,Truck-101,,
2026-04-18 11:07:23.896159+00:00,SENSOR-001,SHIP-99,,,70.56,94.0,51.75,True,0.04,60.13,6.8,Truck-101,,
2026-04-18 11:07:28.900285+00:00,SENSOR-001,SHIP-99,,,70.58,93.95,51.48,True,0.02,61.73,6.82,Truck-101,,
2026-04-18 11:07:33.911548+00:00,SENSOR-001,SHIP-99,,,70.54,93.9,51.19,True,-0.04,63.32,6.4,Truck-101,,
2026-04-18 11:07:38.912850+00:00,SENSOR-001,SHIP-99,,,70.58,93.85,51.15,True,0.04,64.92,5.49,Truck-101,,
2026-04-18 11:07:43.915571+00:00,SENSOR-001,SHIP-99,,,70.53,93.8,51.35,True,-0.05,66.01,5.17,Truck-101,,
2026-04-18 11:07:48.916814+00:00,SENSOR-001,SHIP-99,,,70.49,93.75,51.53,True,-0.04,67.09,4.55,Truck-101,,
2026-04-18 11:07:53.918092+00:00,SENSOR-001,SHIP-99,,,70.53,93.7,51.5,True,0.04,68.17,3.51,Truck-101,,
2026-04-18 11:07:58.922902+00:00,SENSOR-001,SHIP-99,,,70.53,93.65,51.06,True,0.0,68.76,3.22,Truck-101,,
2026-04-18 11:08:03.924433+00:00,SENSOR-001,SHIP-99,,,70.51,93.6,50.79,True,-0.02,69.35,2.78,Truck-101,,
2026-04-18 11:08:08.925828+00:00,SENSOR-001,SHIP-99,,,70.49,93.55,51.08,True,-0.02,69.94,2.07,Truck-101,,
2026-04-18 11:08:13.955438+00:00,SENSOR-001,SHIP-99,,,70.49,93.5,50.84,True,0.0,70.53,0.03,Truck-101,,
2026-04-18 11:08:18.956514+00:00,SENSOR-001,SHIP-99,,,70.46,93.45,51.08,True,-0.03,70.52,0.04,Truck-101,,
2026-04-18 11:08:23.958302+00:00,SENSOR-001,SHIP-99,,,70.44,93.4,50.9,True,-0.02,70.51,0.04,Truck-101,,
2026-04-18 11:08:28.960570+00:00,SENSOR-001,SHIP-99,,,70.47,93.35,50.6,True,0.03,70.51,0.04,Truck-101,,
2026-04-18 11:08:33.962385+00:00,SENSOR-001,SHIP-99,,,70.51,93.3,50.76,True,0.04,70.5,0.04,Truck-101,,
2026-04-18 11:08:38.964709+00:00,SENSOR-001,SHIP-99,,,70.54,93.25,50.4,True,0.03,70.5,0.03,Truck-101,,
2026-04-18 11:08:43.965918+00:00,SENSOR-001,SHIP-99,,,70.58,93.2,50.81,True,0.04,70.5,0.04,Truck-101,,
2026-04-18 11:08:48.967935+00:00,SENSOR-001,SHIP-99,,,70.6,93.15,51.05,True,0.02,70.51,0.05,Truck-101,,
2026-04-18 11:08:53.974683+00:00,SENSOR-001,SHIP-99,,,70.56,93.1,51.01,True,-0.04,70.52,0.05,Truck-101,,
2026-04-18 11:08:58.975406+00:00,SENSOR-001,SHIP-99,,,70.51,93.05,51.44,True,-0.05,70.51,0.05,Truck-101,,
2026-04-18 11:09:03.976234+00:00,SENSOR-001,SHIP-99,,,70.5,93.0,51.01,True,-0.01,70.51,0.05,Truck-101,,
2026-04-18 11:09:08.977143+00:00,SENSOR-001,SHIP-99,,,76.0,92.95,50.56,True,5.5,70.97,1.58,Truck-101,,
2026-04-18 11:09:13.978191+00:00,SENSOR-001,SHIP-99,,,76.0,92.9,50.49,True,0.0,71.43,2.13,Truck-101,,
2026-04-18 11:09:18.979114+00:00,SENSOR-001,SHIP-99,,,75.98,92.85,50.1,True,-0.02,71.89,2.47,Truck-101,,
2026-04-18 11:09:23.988704+00:00,SENSOR-001,SHIP-99,,,75.99,92.8,49.67,True,0.01,72.35,2.69,Truck-101,,
2026-04-18 11:09:28.990230+00:00,SENSOR-001,SHIP-99,,,76.02,92.75,50.07,True,0.03,72.82,2.81,Truck-101,,
2026-04-18 11:09:33.991596+00:00,SENSOR-001,SHIP-99,,,76.04,92.7,50.15,True,0.02,73.28,2.85,Truck-101,,
2026-04-18 11:09:38.993332+00:00,SENSOR-001,SHIP-99,,,76.08,92.65,50.21,True,0.04,73.74,2.81,Truck-101,,
2026-04-18 11:09:43.995151+00:00,SENSOR-001,SHIP-99,,,76.1,92.6,49.82,True,0.02,74.2,2.7,Truck-101,,
2026-04-18 11:09:48.996195+00:00,SENSOR-001,SHIP-99,,,83.05,92.55,49.46,True,6.95,75.24,3.47,Truck-101,,
2026-04-18 11:09:53.997184+00:00,SENSOR-001,SHIP-99,,,83.04,92.5,49.26,True,-0.01,76.28,3.8,Truck-101,,
2026-04-18 11:09:59.003564+00:00,SENSOR-001,SHIP-99,,,83.07,92.45,49.47,True,0.03,77.32,3.8,Truck-101,,
2026-04-18 11:10:04.012683+00:00,SENSOR-001,SHIP-99,,,83.09,92.4,49.54,True,0.02,78.37,3.46,Truck-101,,
2026-04-18 11:10:09.013925+00:00,SENSOR-001,SHIP-99,,,83.07,92.35,49.39,True,-0.02,78.96,3.62,Truck-101,,
2026-04-18 11:10:14.016418+00:00,SENSOR-001,SHIP-99,,,83.05,92.3,49.61,True,-0.02,79.55,3.67,Truck-101,,
2026-04-18 11:10:19.021254+00:00,SENSOR-001,SHIP-99,,,83.06,92.25,49.7,True,0.01,80.14,3.61,Truck-101,,
2026-04-18 11:10:24.025407+00:00,SENSOR-001,SHIP-99,,,83.09,92.2,49.32,True,0.03,80.73,3.45,Truck-101,,
2026-04-18 11:10:29.026291+00:00,SENSOR-001,SHIP-99,,,83.06,92.15,48.98,True,-0.03,81.32,3.16,Truck-101,,
2026-04-18 11:10:34.026978+00:00,SENSOR-001,SHIP-99,,,83.01,92.1,48.68,True,-0.05,81.9,2.71,Truck-101,,
2026-04-18 11:10:39.027600+00:00,SENSOR-001,SHIP-99,,,83.0,92.05,48.64,True,-0.01,82.47,2.01,Truck-101,,
2026-04-18 11:10:44.028154+00:00,SENSOR-001,SHIP-99,,,83.03,92.0,48.52,True,0.03,83.05,0.03,Truck-101,,
2026-04-18 11:10:49.028975+00:00,SENSOR-001,SHIP-99,,,83.06,91.95,48.32,True,0.03,83.05,0.03,Truck-101,,
2026-04-18 11:10:54.029694+00:00,SENSOR-001,SHIP-99,,,83.07,91.9,48.66,True,0.01,83.05,0.03,Truck-101,,
2026-04-18 11:10:59.030505+00:00,SENSOR-001,SHIP-99,,,83.07,91.85,48.47,True,0.0,83.05,0.03,Truck-101,,
2026-04-18 11:11:04.030955+00:00,SENSOR-001,SHIP-99,,,83.1,91.8,48.46,True,0.03,83.06,0.03,Truck-101,,
2026-04-18 11:11:09.031981+00:00,SENSOR-001,SHIP-99,,,83.07,91.75,48.06,True,-0.03,83.06,0.03,Truck-101,,
2026-04-18 11:11:14.032870+00:00,SENSOR-001,SHIP-99,,,83.04,91.7,47.65,True,-0.03,83.06,0.03,Truck-101,,
2026-04-18 11:11:19.033389+00:00,SENSOR-001,SHIP-99,,,83.05,91.65,47.33,True,0.01,83.05,0.03,Truck-101,,
2026-04-18 11:11:24.033858+00:00,SENSOR-001,SHIP-99,,,83.03,91.6,47.36,True,-0.02,83.05,0.03,Truck-101,,
2026-04-18 11:11:29.034418+00:00,SENSOR-001,SHIP-99,,,82.98,91.55,47.35,True,-0.05,83.04,0.03,Truck-101,,
2026-04-18 11:11:34.034773+00:00,SENSOR-001,SHIP-99,,,83.0,91.5,47.08,True,0.02,83.04,0.04,Truck-101,,
2026-04-18 11:11:39.035455+00:00,SENSOR-001,SHIP-99,,,89.45,91.45,46.89,True,6.45,83.58,1.85,Truck-101,,
2026-04-18 11:11:44.036022+00:00,SENSOR-001,SHIP-99,,,89.49,91.4,46.79,True,0.04,84.12,2.5,Truck-101,,
2026-04-18 11:11:49.036750+00:00,SENSOR-001,SHIP-99,,,89.46,91.35,46.63,True,-0.03,84.65,2.9,Truck-101,,
2026-04-18 11:11:54.038082+00:00,SENSOR-001,SHIP-99,,,89.42,91.3,46.97,True,-0.04,85.18,3.16,Truck-101,,
2026-04-18 11:11:59.038776+00:00,SENSOR-001,SHIP-99,,,89.39,91.25,46.61,True,-0.03,85.71,3.3,Truck-101,,
2026-04-18 11:12:54+00:00,SENSOR-001,SHIP-99,,,89.31,90.7,46.51,False,0.0,0.0,0.0,Truck-101,,
2026-04-18 11:12:59+00:00,SENSOR-001,SHIP-99,,,89.33,90.65,46.79,False,0.02,0.0,0.0,Truck-101,,
2026-04-18 11:13:04+00:00,SENSOR-001,SHIP-99,,,89.37,90.6,46.44,True,0.04,0.0,0.0,Truck-101,,
2026-04-18 11:13:09+00:00,SENSOR-001,SHIP-99,,,89.34,90.55,45.98,True,-0.03,0.0,0.0,Truck-101,,
2026-04-18 11:13:14+00:00,SENSOR-001,SHIP-99,,,89.33,90.5,45.58,True,-0.01,0.0,0.0,Truck-101,,
2026-04-18 11:13:19+00:00,SENSOR-001,SHIP-99,,,89.35,90.45,45.43,True,0.02,0.0,0.0,Truck-101,,
2026-04-18 11:13:24+00:00,SENSOR-001,SHIP-99,,,89.34,90.4,45.54,True,-0.01,0.0,0.0,Truck-101,,
2026-04-18 11:13:29+00:00,SENSOR-001,SHIP-99,,,89.29,90.35,45.29,True,-0.05,0.0,0.0,Truck-101,,
2026-04-18 11:13:34+00:00,SENSOR-001,SHIP-99,,,89.26,90.3,45.0,True,-0.03,0.0,0.0,Truck-101,,
2026-04-18 11:13:39+00:00,SENSOR-001,SHIP-99,,,89.27,90.25,45.23,True,0.01,0.0,0.0,Truck-101,,
2026-04-18 11:13:44+00:00,SENSOR-001,SHIP-99,,,89.22,90.2,45.3,True,-0.05,0.0,0.0,Truck-101,,
2026-04-18 11:13:49+00:00,SENSOR-001,SHIP-99,,,89.24,90.15,45.01,True,0.02,89.3,0.05,Truck-101,,
2026-04-18 11:13:54+00:00,SENSOR-001,SHIP-99,,,89.23,90.1,45.06,True,-0.01,89.3,0.05,Truck-101,,
2026-04-18 11:13:59+00:00,SENSOR-001,SHIP-99,,,89.21,90.05,45.16,True,-0.02,89.29,0.06,Truck-101,,
2026-04-18 11:14:14.082535+00:00,SENSOR-001,SHIP-99,,,89.18,89.9,45.56,False,0.0,0.0,0.0,Truck-101,,
2026-04-18 11:14:19.083477+00:00,SENSOR-001,SHIP-99,,,89.17,89.85,45.12,False,-0.01,0.0,0.0,Truck-101,,
2026-04-18 11:14:24.084555+00:00,SENSOR-001,SHIP-99,,,89.13,89.8,45.48,True,-0.04,0.0,0.0,Truck-101,,
2026-04-18 11:14:29.088401+00:00,SENSOR-001,SHIP-99,,,89.16,89.75,45.95,True,0.03,0.0,0.0,Truck-101,,
2026-04-18 11:14:34.089122+00:00,SENSOR-001,SHIP-99,,,89.21,89.7,45.89,True,0.05,0.0,0.0,Truck-101,,
2026-04-18 11:14:39.089685+00:00,SENSOR-001,SHIP-99,,,89.23,89.65,46.37,True,0.02,0.0,0.0,Truck-101,,
2026-04-18 11:14:44.091445+00:00,SENSOR-001,SHIP-99,,,89.23,89.6,46.07,True,0.0,0.0,0.0,Truck-101,,
2026-04-18 11:14:49.092809+00:00,SENSOR-001,SHIP-99,,,89.28,89.55,46.28,True,0.05,0.0,0.0,Truck-101,,
2026-04-18 11:14:54.093694+00:00,SENSOR-001,SHIP-99,,,89.32,89.5,45.93,True,0.04,0.0,0.0,Truck-101,,
2026-04-18 11:14:59.095115+00:00,SENSOR-001,SHIP-99,,,89.32,89.45,46.31,True,0.0,0.0,0.0,Truck-101,,
2026-04-18 11:15:04.095914+00:00,SENSOR-001,SHIP-99,,,89.36,89.4,46.27,True,0.04,0.0,0.0,Truck-101,,
2026-04-18 11:15:09.099212+00:00,SENSOR-001,SHIP-99,,,89.38,89.35,46.47,True,0.02,89.25,0.08,Truck-101,,
2026-04-18 11:15:14.106178+00:00,SENSOR-001,SHIP-99,,,89.34,89.3,46.81,True,-0.04,89.26,0.08,Truck-101,,
2026-04-18 11:15:19.107063+00:00,SENSOR-001,SHIP-99,,,89.32,89.25,47.14,True,-0.02,89.27,0.08,Truck-101,,
2026-04-18 11:15:24.108155+00:00,SENSOR-001,SHIP-99,,,89.37,89.2,46.81,True,0.05,89.29,0.07,Truck-101,,
2026-04-18 11:15:29.109350+00:00,SENSOR-001,SHIP-99,,,89.38,89.15,46.47,True,0.01,89.31,0.06,Truck-101,,
2026-04-18 17:22:23.277159+00:00,SENSOR-001,SHIP-99,,,3.98,99.95,49.5,False,0.0,0.0,0.0,Truck-101,standard_vaccines,1.0
2026-04-18 17:22:28.226737+00:00,SENSOR-001,SHIP-99,,,8.97,99.9,49.69,False,4.99,0.0,0.0,Truck-101,standard_vaccines,0.9
2026-04-18 17:22:33.171008+00:00,SENSOR-001,SHIP-99,,,8.92,99.85,49.2,False,-0.05,0.0,0.0,Truck-101,standard_vaccines,0.87
2026-04-18 17:22:40.558228+00:00,SENSOR-001,SHIP-99,0.9600000000000009,Truck-101,8.96,,,,,,,,,
2026-04-18 17:22:41.606727+00:00,SENSOR-001,SHIP-99,,,8.96,99.8,49.32,True,0.04,0.0,0.0,Truck-101,standard_vaccines,0.85
2026-04-18 17:22:43.198649+00:00,SENSOR-001,SHIP-99,,,8.97,99.75,49.29,True,0.01,0.0,0.0,Truck-101,standard_vaccines,0.84
2026-04-18 17:22:48.208742+00:00,SENSOR-001,SHIP-99,,,8.99,99.7,49.74,True,0.02,0.0,0.0,Truck-101,standard_vaccines,0.83
2026-04-18 17:22:53.204192+00:00,SENSOR-001,SHIP-99,,,8.97,99.65,49.83,True,-0.02,0.0,0.0,Truck-101,standard_vaccines,0.83
2026-04-18 17:22:58.203591+00:00,SENSOR-001,SHIP-99,,,8.92,99.6,50.13,True,-0.05,0.0,0.0,Truck-101,standard_vaccines,0.82
2026-04-18 17:23:03.216890+00:00,SENSOR-001,SHIP-99,,,8.96,99.55,50.36,True,0.04,0.0,0.0,Truck-101,standard_vaccines,0.82
2026-04-18 17:23:08.235505+00:00,SENSOR-001,SHIP-99,,,8.94,99.5,50.22,True,-0.02,0.0,0.0,Truck-101,standard_vaccines,0.82
2026-04-18 17:23:13.257183+00:00,SENSOR-001,SHIP-99,,,8.93,99.45,50.7,True,-0.01,0.0,0.0,Truck-101,standard_vaccines,0.82
2026-04-18 17:23:18.253855+00:00,SENSOR-001,SHIP-99,,,8.95,99.4,50.42,True,0.02,8.54,1.44,Truck-101,standard_vaccines,0.81
2026-04-18 17:23:23.256781+00:00,SENSOR-001,SHIP-99,,,8.94,99.35,50.28,True,-0.01,8.95,0.02,Truck-101,standard_vaccines,0.8
2026-04-18 17:23:28.275426+00:00,SENSOR-001,SHIP-99,,,8.98,99.3,50.2,True,0.04,8.95,0.02,Truck-101,standard_vaccines,0.8
2026-04-18 17:23:33.275568+00:00,SENSOR-001,SHIP-99,,,8.94,99.25,49.88,True,-0.04,8.95,0.02,Truck-101,standard_vaccines,0.8
2026-04-18 17:23:38.281969+00:00,SENSOR-001,SHIP-99,,,8.98,99.2,49.46,True,0.04,8.96,0.02,Truck-101,standard_vaccines,0.8
2026-04-18 17:23:43.285651+00:00,SENSOR-001,SHIP-99,,,9.01,99.15,49.85,True,0.03,8.96,0.03,Truck-101,standard_vaccines,0.8
2026-04-18 17:23:51.487487+00:00,SENSOR-001,SHIP-99,,,13.28,99.1,49.94,False,9.24,8.91,1.97,Truck-101,standard_vaccines,0.81
2026-04-18 17:23:57.848817+00:00,SENSOR-001,SHIP-99,,,13.3,99.05,50.03,False,9.21,8.87,2.79,Truck-101,standard_vaccines,0.83
2026-04-18 17:24:06.656218+00:00,SENSOR-001,SHIP-99,,,13.3,99.0,49.87,False,9.26,8.82,3.41,Truck-101,standard_vaccines,0.65
2026-04-18 17:24:13.023873+00:00,SENSOR-001,SHIP-99,,,13.35,98.95,49.39,False,9.35,8.78,3.95,Truck-101,standard_vaccines,0.86
2026-04-18 17:24:22.285894+00:00,SENSOR-001,SHIP-99,,,13.35,98.9,49.01,False,9.39,8.72,4.43,Truck-101,standard_vaccines,0.68
2026-04-18 17:24:28.620168+00:00,SENSOR-001,SHIP-99,,,13.36,98.85,48.72,False,9.35,8.67,4.86,Truck-101,standard_vaccines,0.9
2026-04-18 17:24:37.595985+00:00,SENSOR-001,SHIP-99,,,13.34,98.8,48.38,False,9.35,8.67,4.87,Truck-101,standard_vaccines,0.7
2026-04-18 17:24:43.958603+00:00,SENSOR-001,SHIP-99,,,13.34,98.75,48.31,False,9.32,8.67,4.88,Truck-101,standard_vaccines,0.9
2026-04-18 17:24:51.997084+00:00,SENSOR-001,SHIP-99,5.33,Truck-101,13.33,,,,,,,,,
2026-04-18 17:24:53.061605+00:00,SENSOR-001,SHIP-99,,,13.33,98.7,48.31,True,4.58,9.07,4.66,Truck-101,standard_vaccines,0.88
2026-04-18 17:24:59.428421+00:00,SENSOR-001,SHIP-99,,,13.31,98.65,48.13,True,4.57,9.46,4.38,Truck-101,standard_vaccines,0.86
2026-04-18 17:25:05.781404+00:00,SENSOR-001,SHIP-99,,,13.35,98.6,48.61,True,4.6,9.86,4.04,Truck-101,standard_vaccines,0.84
2026-04-18 17:25:12.143384+00:00,SENSOR-001,SHIP-99,,,13.35,98.55,48.9,True,4.59,10.25,3.62,Truck-101,standard_vaccines,0.83
2026-04-18 17:25:18.568265+00:00,SENSOR-001,SHIP-99,,,13.32,98.5,48.45,True,4.55,10.65,3.09,Truck-101,standard_vaccines,0.81
2026-04-18 17:25:24.966113+00:00,SENSOR-001,SHIP-99,,,13.36,98.45,48.04,True,4.59,11.05,2.39,Truck-101,standard_vaccines,0.79
2026-04-18 17:25:31.356934+00:00,SENSOR-001,SHIP-99,,,13.32,98.4,47.67,True,4.5,11.05,2.38,Truck-101,standard_vaccines,0.79
2026-04-18 17:25:37.761524+00:00,SENSOR-001,SHIP-99,,,13.37,98.35,47.91,True,4.51,11.07,2.38,Truck-101,standard_vaccines,0.79
2026-04-18 17:25:44.094662+00:00,SENSOR-001,SHIP-99,,,13.39,98.3,47.43,True,4.51,11.08,2.37,Truck-101,standard_vaccines,0.79
2026-04-18 17:25:50.433672+00:00,SENSOR-001,SHIP-99,,,13.38,98.25,47.43,True,4.54,11.09,2.37,Truck-101,standard_vaccines,0.79
2026-04-18 17:25:56.782234+00:00,SENSOR-001,SHIP-99,,,13.35,98.2,47.09,True,4.49,11.1,2.36,Truck-101,standard_vaccines,0.79
2026-04-18 17:26:03.066487+00:00,SENSOR-001,SHIP-99,,,13.38,98.15,47.59,True,-0.29,11.51,2.35,Truck-101,standard_vaccines,0.79
2026-04-18 17:26:09.434725+00:00,SENSOR-001,SHIP-99,,,13.4,98.1,47.98,True,-0.22,11.92,2.26,Truck-101,standard_vaccines,0.79
2026-04-18 17:26:15.803191+00:00,SENSOR-001,SHIP-99,,,13.44,98.05,48.33,True,-0.22,12.32,2.09,Truck-101,standard_vaccines,0.79
2026-04-18 17:26:22.131022+00:00,SENSOR-001,SHIP-99,,,13.4,98.0,48.48,True,-0.29,12.72,1.81,Truck-101,standard_vaccines,0.79
2026-04-18 17:26:28.349022+00:00,SENSOR-001,SHIP-99,,,13.44,97.95,48.73,True,-0.27,13.13,1.35,Truck-101,standard_vaccines,0.79
2026-04-18 17:26:34.602460+00:00,SENSOR-001,SHIP-99,,,13.47,97.9,48.41,True,-0.23,13.55,0.14,Truck-101,standard_vaccines,0.79
2026-04-18 17:26:42.759949+00:00,SENSOR-001,SHIP-99,,,13.44,97.85,48.3,True,-0.23,13.55,0.13,Truck-101,standard_vaccines,0.59
2026-04-18 17:26:49.217447+00:00,SENSOR-001,SHIP-99,,,13.46,97.8,48.23,True,-0.19,13.56,0.13,Truck-101,standard_vaccines,0.79
2026-04-18 17:26:55.637834+00:00,SENSOR-001,SHIP-99,,,13.44,97.75,48.51,True,-0.22,13.56,0.13,Truck-101,standard_vaccines,0.79
2026-04-18 17:27:02.064962+00:00,SENSOR-001,SHIP-99,,,19.18,97.7,48.28,True,5.49,14.04,1.62,Truck-101,standard_vaccines,0.79
2026-04-18 17:27:08.440957+00:00,SENSOR-001,SHIP-99,,,24.38,97.65,48.15,True,10.68,14.95,3.38,Truck-101,standard_vaccines,0.79
2026-04-18 17:27:14.740175+00:00,SENSOR-001,SHIP-99,,,24.42,97.6,48.27,True,10.67,15.87,4.29,Truck-101,standard_vaccines,0.79
2026-04-18 17:27:21.071560+00:00,SENSOR-001,SHIP-99,,,24.45,97.55,47.85,True,10.66,16.8,4.86,Truck-101,standard_vaccines,0.79
2026-04-18 17:27:27.425659+00:00,SENSOR-001,SHIP-99,,,24.43,97.5,47.48,True,10.6,17.73,5.18,Truck-101,standard_vaccines,0.79
2026-04-18 17:27:33.803927+00:00,SENSOR-001,SHIP-99,,,24.48,97.45,47.28,True,10.69,18.66,5.32,Truck-101,standard_vaccines,0.79
2026-04-18 17:27:40.257636+00:00,SENSOR-001,SHIP-99,,,24.43,97.4,46.91,True,10.65,19.1,5.57,Truck-101,standard_vaccines,0.79
